writers,total_records,repeat,seed,elapsed_seconds,throughput_records_per_second,latency_mean_ms,latency_median_ms,latency_p95_ms,latency_max_ms,verification_valid,checked_versions
1,120,1,2026,2.4210466,49.56534087365357,20.156298333333332,19.433349999999997,26.4902,30.5377,True,120
1,120,2,2026,2.5812937,46.48831707914524,21.498727499999998,20.916,26.7946,38.3651,True,120
1,120,3,2026,2.779149,43.17868527380144,23.148218333333332,21.9805,30.4841,82.6405,True,120
1,120,4,2026,2.3632511,50.77750730762381,19.684210833333335,19.270699999999998,23.5061,25.3144,True,120
1,120,5,2026,2.5768761,46.568013107032975,21.46430333333333,19.717599999999997,28.7075,61.6564,True,120
1,120,6,2026,3.0106292,39.85877769338051,25.072778333333336,23.7835,34.8317,52.0931,True,120
1,120,7,2026,3.056129,39.26535823585981,25.456621666666667,24.99935,33.562,64.5561,True,120
1,120,8,2026,2.6103838,45.97025157756495,21.741021666666665,21.163,27.1158,33.5569,True,120
1,120,9,2026,2.3402681,51.27617643465721,19.492753333333333,19.248649999999998,22.3793,27.723,True,120
1,120,10,2026,2.3140127,51.857969491697254,19.27443583333333,18.8164,23.0812,27.6194,True,120
2,120,1,2026,2.3958442,50.08672934575629,39.58304333333333,38.7639,52.1825,62.3862,True,120
2,120,2,2026,2.3157433,51.81921502266681,38.4184325,37.97565,45.5505,50.6108,True,120
2,120,3,2026,2.3039428,52.08462640652363,38.22799,37.1068,47.8228,75.5149,True,120
2,120,4,2026,2.3704891,50.62246436821836,39.32300166666666,38.93425,45.3379,50.2742,True,120
2,120,5,2026,2.596629,46.2137640764237,43.078608333333335,42.021550000000005,60.7109,67.8974,True,120
2,120,6,2026,2.3919927,50.1673771830491,39.6974375,39.864,47.2469,50.3196,True,120
2,120,7,2026,2.4510417,48.95877536477653,40.65752583333333,38.904650000000004,47.9674,133.6149,True,120
2,120,8,2026,2.5527608,47.00792961095297,42.3489875,40.849000000000004,56.9808,66.5901,True,120
2,120,9,2026,3.1537596,38.04982472348241,52.200219999999995,43.96265,84.2094,367.8838,True,120
2,120,10,2026,3.2902247,36.47167319605862,53.573927499999996,46.55045,107.8897,245.9392,True,120
4,120,1,2026,2.754374,43.567068234016155,89.2635475,78.67660000000001,163.4566,224.5993,True,120
4,120,2,2026,3.1777116,37.76302418381832,104.55685083333333,95.2445,179.7653,386.8944,True,120
4,120,3,2026,2.62884,45.64750992833341,85.55752666666667,79.406,158.9461,172.1125,True,120
4,120,4,2026,2.9709026,40.39176511542317,97.50355916666668,85.1965,156.3062,243.1341,True,120
4,120,5,2026,2.9179676,41.124514199540805,95.94487083333334,85.39215,187.1435,209.0362,True,120
4,120,6,2026,3.5634258,33.675459160676226,116.37876583333333,110.8677,174.3497,304.6136,True,120
4,120,7,2026,3.0637362,39.16786308168438,101.07990583333334,93.3479,171.2093,204.5175,True,120
4,120,8,2026,2.3779988,50.46259905597934,78.09595166666666,73.6808,102.0923,147.1204,True,120
4,120,9,2026,2.2578287,53.14840758291361,73.71380833333333,68.87944999999999,113.2177,170.7362,True,120
4,120,10,2026,2.0320107,59.054807142501765,66.78773833333334,67.07755,72.4806,79.7751,True,120
8,120,1,2026,2.2153085,54.16852776938291,143.0412783333333,135.58915,180.2679,244.9273,True,120
8,120,2,2026,2.1049467,57.00856938562862,135.33766583333332,140.12894999999997,157.7944,259.2926,True,120
8,120,3,2026,2.2137256,54.20726037590205,141.40809916666666,135.96485,253.0514,274.2549,True,120
8,120,4,2026,2.3455009,51.161779558472986,151.97394416666666,148.6923,192.8258,205.0834,True,120
8,120,5,2026,2.6457055,45.35652210724134,172.13760916666666,169.7537,240.4964,272.2215,True,120
8,120,6,2026,2.8506426,42.0957716691668,184.701525,162.06580000000002,281.2567,300.6232,True,120
8,120,7,2026,2.8825143,41.63032252780151,187.31194333333332,162.85115000000002,301.5138,516.7584,True,120
8,120,8,2026,2.3606481,50.83349780087934,151.46603583333334,147.82240000000002,201.5556,210.2198,True,120
8,120,9,2026,2.7306414,43.945719126649145,175.95859166666665,179.93325,205.4212,214.7474,True,120
8,120,10,2026,2.8744785,41.74670292367816,184.03846833333333,164.833,292.6596,329.7735,True,120
