writers,metric,mean,median,minimum,maximum,stdev
1,elapsed_seconds,2.60530393,2.5790849,2.3140127,3.056129,0.2680794393821853
1,throughput_records_per_second,46.480639707441675,46.52816509308911,39.26535823585981,51.857969491697254,4.557920285910205
1,latency_mean_ms,21.698936916666664,21.481515416666664,19.27443583333333,25.456621666666667,2.233199786085031
1,latency_median_ms,20.932904999999998,20.3168,18.8164,24.99935,2.0980789304941165
1,latency_p95_ms,27.695249999999998,26.955199999999998,22.3793,34.8317,4.266755810331778
1,latency_max_ms,44.406259999999996,35.961,25.3144,82.6405,19.70814308233472
2,elapsed_seconds,2.58224279,2.42344295,2.3039428,3.2902247,0.35125358752164115
2,throughput_records_per_second,47.148237929790845,49.522752355266405,36.47167319605862,52.08462640652363,5.547244282523204
2,latency_mean_ms,42.71091741666667,40.177481666666665,38.22799,53.573927499999996,5.591652052234178
2,latency_median_ms,40.49329,39.399125,37.1068,46.55045,2.93135839660273
2,latency_p95_ms,59.58988000000001,50.07495,45.3379,107.8897,20.623732642209397
2,latency_max_ms,117.10310999999999,67.24375,50.2742,367.8838,106.87790802179062
4,elapsed_seconds,2.7744796000000003,2.8361707999999997,2.0320107,3.5634258,0.4624659395243407
4,throughput_records_per_second,44.40030176848872,42.34579121677848,33.675459160676226,59.054807142501765,7.771303375750426
4,latency_mean_ms,90.8882525,92.60420916666666,66.78773833333334,116.37876583333333,15.20341299297293
4,latency_median_ms,83.776915,82.30125000000001,67.07755,110.8677,13.372845625683455
4,latency_p95_ms,147.89673,161.20135,72.4806,187.1435,38.32947975143502
4,latency_max_ms,214.25393,206.77685000000002,79.7751,386.8944,85.17555402730228
8,elapsed_seconds,2.52241121,2.5031768000000003,2.1049467,2.8825143,0.3057345999450411
8,throughput_records_per_second,48.21546732448029,48.095009954060345,41.63032252780151,57.00856938562862,5.899698985287863
8,latency_mean_ms,162.73751608333333,162.05577666666665,135.33766583333332,187.31194333333332,20.110107097710877
8,latency_median_ms,154.763455,155.37905,135.58915,179.93325,15.27017514722463
8,latency_p95_ms,230.68428,222.9588,157.7944,301.5138,50.317448165992424
8,latency_max_ms,282.7902,265.75705,205.0834,516.7584,91.51289071389526
