profile,size,repeat,order_position,seed,add_total_ms,add_per_record_ms,query_total_ms,query_per_record_ms,verify_total_ms,encrypt_per_record_ms,decrypt_per_record_ms,database_size_bytes
sqlite,100,1,1,2026,71.0256,0.710256,1.7756,0.017756,0.0375,0.0,0.0,49152.0
sqlite_aes,100,1,2,2026,80.1655,0.8016549999999999,2.4285,0.024285,1.0177,0.09684999999999994,0.009536999999999999,61440.0
sqlite_aes_chain,100,1,3,2026,839.4666,8.394665999999999,15.6499,0.156499,24.1197,nan,nan,196608.0
sqlite_aes,100,2,1,2026,128.5416,1.285416,4.6036,0.046036,1.6566,0.187526,0.019449999999999995,61440.0
sqlite,100,2,2,2026,108.9196,1.089196,1.5832,0.015832,0.044,0.0,0.0,49152.0
sqlite_aes_chain,100,2,3,2026,1203.2502,12.032502,12.1525,0.121525,27.6001,nan,nan,196608.0
sqlite_aes_chain,100,3,1,2026,1404.5634,14.045634,18.0114,0.180114,32.5781,nan,nan,196608.0
sqlite,100,3,2,2026,102.8872,1.028872,0.879,0.00879,0.0176,0.0,0.0,49152.0
sqlite_aes,100,3,3,2026,118.3484,1.183484,2.7507,0.027507,1.949,0.19701300000000002,0.010858,61440.0
sqlite_aes_chain,100,4,1,2026,1186.7351,11.867351000000001,17.8039,0.17803899999999998,29.8458,nan,nan,196608.0
sqlite,100,4,2,2026,186.8941,1.8689410000000002,2.2506,0.022505999999999998,0.0464,0.0,0.0,49152.0
sqlite_aes,100,4,3,2026,120.6105,1.206105,4.7041,0.047041000000000006,1.6108,0.189589,0.014653000000000001,61440.0
sqlite_aes,100,5,1,2026,153.5505,1.535505,3.7338,0.037338,1.6917,0.24605800000000008,0.014111999999999996,61440.0
sqlite_aes_chain,100,5,2,2026,1288.6269,12.886269,14.6494,0.146494,22.4033,nan,nan,196608.0
sqlite,100,5,3,2026,77.2999,0.772999,1.5014,0.015014000000000001,0.0423,0.0,0.0,49152.0
sqlite_aes,100,6,1,2026,101.6857,1.016857,2.512,0.02512,0.8937,0.13797099999999998,0.009212999999999997,61440.0
sqlite,100,6,2,2026,91.2096,0.9120959999999999,1.5123,0.015123,0.0273,0.0,0.0,49152.0
sqlite_aes_chain,100,6,3,2026,990.5612,9.905612,10.7404,0.107404,23.5152,nan,nan,196608.0
sqlite_aes_chain,100,7,1,2026,866.4256,8.664256,15.0154,0.150154,22.6648,nan,nan,196608.0
sqlite_aes,100,7,2,2026,82.8757,0.828757,2.4056,0.024056,0.8678,0.10817599999999997,0.008343999999999996,61440.0
sqlite,100,7,3,2026,71.5862,0.715862,1.8141,0.018141,0.0329,0.0,0.0,49152.0
sqlite,100,8,1,2026,67.051,0.67051,1.1069,0.011069,0.017,0.0,0.0,49152.0
sqlite_aes_chain,100,8,2,2026,807.2452,8.072452,10.9992,0.109992,15.4934,nan,nan,196608.0
sqlite_aes,100,8,3,2026,74.1852,0.741852,2.4291,0.024291,0.8931,0.08217599999999997,0.008737999999999998,61440.0
sqlite_aes_chain,100,9,1,2026,769.4857,7.694857,10.6028,0.106028,21.5399,nan,nan,196608.0
sqlite,100,9,2,2026,75.0336,0.7503360000000001,0.9691,0.009691,0.0321,0.0,0.0,49152.0
sqlite_aes,100,9,3,2026,84.2993,0.842993,2.3902,0.023902,0.8876,0.09788200000000001,0.008883,61440.0
sqlite,100,10,1,2026,68.4762,0.6847620000000001,0.773,0.00773,0.0145,0.0,0.0,49152.0
sqlite_aes_chain,100,10,2,2026,759.1874,7.591874000000001,10.4712,0.104712,16.1403,nan,nan,196608.0
sqlite_aes,100,10,3,2026,76.8159,0.768159,3.5372,0.035372,1.2167,0.089042,0.013469999999999996,61440.0
sqlite_aes,100,11,1,2026,98.995,0.98995,2.2639,0.022639,1.3998,0.14033500000000002,0.008486999999999993,61440.0
sqlite,100,11,2,2026,97.3891,0.973891,1.6271,0.016271,0.0427,0.0,0.0,49152.0
sqlite_aes_chain,100,11,3,2026,1069.2306,10.692306,16.9778,0.16977799999999998,19.9336,nan,nan,196608.0
sqlite_aes,100,12,1,2026,83.313,0.83313,3.0899,0.030899,1.2975,0.094352,0.011466,61440.0
sqlite_aes_chain,100,12,2,2026,1003.3625,10.033624999999999,15.6767,0.156767,19.5177,nan,nan,196608.0
sqlite,100,12,3,2026,110.8887,1.108887,1.3036,0.013036,0.018,0.0,0.0,49152.0
sqlite_aes_chain,100,13,1,2026,1208.191,12.08191,15.7553,0.157553,19.3397,nan,nan,196608.0
sqlite_aes,100,13,2,2026,109.0438,1.090438,2.7007,0.027007,1.0658,0.14338000000000006,0.010223000000000005,61440.0
sqlite,100,13,3,2026,85.1519,0.851519,1.9306,0.019306,0.0581,0.0,0.0,49152.0
sqlite_aes_chain,100,14,1,2026,950.0166,9.500166,8.9837,0.089837,18.7147,nan,nan,196608.0
sqlite,100,14,2,2026,75.227,0.75227,1.14,0.011399999999999999,0.0216,0.0,0.0,49152.0
sqlite_aes,100,14,3,2026,80.0854,0.8008540000000001,2.1273,0.021273,0.8107,0.09388500000000001,0.007847999999999996,61440.0
sqlite,100,15,1,2026,67.9758,0.6797580000000001,0.863,0.00863,0.0175,0.0,0.0,49152.0
sqlite_aes,100,15,2,2026,82.4876,0.824876,3.2809,0.032809,1.4959,0.10875900000000006,0.012210999999999996,61440.0
sqlite_aes_chain,100,15,3,2026,828.5144,8.285144,10.1729,0.101729,18.2976,nan,nan,196608.0
sqlite_aes,100,16,1,2026,87.9124,0.879124,3.9077,0.039077,1.4265,0.10560600000000003,0.014586999999999996,61440.0
sqlite_aes_chain,100,16,2,2026,889.3807,8.893807,12.4306,0.124306,21.424,nan,nan,196608.0
sqlite,100,16,3,2026,74.4365,0.7443649999999999,1.6935,0.016935,0.0356,0.0,0.0,49152.0
sqlite_aes_chain,100,17,1,2026,868.8236,8.688236,12.2524,0.122524,21.0498,nan,nan,196608.0
sqlite,100,17,2,2026,73.4322,0.7343219999999999,1.6286,0.016286000000000002,0.0392,0.0,0.0,49152.0
sqlite_aes,100,17,3,2026,77.9947,0.779947,2.5341,0.025341,1.0537,0.092831,0.009045999999999995,61440.0
sqlite_aes,100,18,1,2026,78.8616,0.788616,2.2913,0.022913000000000003,0.8718,0.09425400000000002,0.008510999999999998,61440.0
sqlite,100,18,2,2026,64.9364,0.649364,0.7888,0.007888,0.0153,0.0,0.0,49152.0
sqlite_aes_chain,100,18,3,2026,759.4621,7.594621,16.5804,0.165804,22.6704,nan,nan,196608.0
sqlite_aes_chain,100,19,1,2026,1237.7174,12.377174,22.6249,0.226249,41.2166,nan,nan,196608.0
sqlite,100,19,2,2026,191.7483,1.917483,2.0218,0.020218,0.0418,0.0,0.0,49152.0
sqlite_aes,100,19,3,2026,137.3442,1.373442,4.22,0.042199999999999994,1.2861,0.2353109999999999,0.017136,61440.0
sqlite_aes,100,20,1,2026,141.3765,1.413765,12.6111,0.126111,1.7311,0.21940900000000002,0.059218,61440.0
sqlite_aes_chain,100,20,2,2026,1963.1337,19.631337000000002,23.0745,0.230745,35.7243,nan,nan,196608.0
sqlite,100,20,3,2026,114.7871,1.1478709999999999,1.9132,0.019132,0.0585,0.0,0.0,49152.0
sqlite_aes_chain,100,21,1,2026,1208.4501,12.084501,14.1254,0.14125400000000002,23.2493,nan,nan,196608.0
sqlite,100,21,2,2026,89.4008,0.894008,1.8581,0.018581,0.0446,0.0,0.0,49152.0
sqlite_aes,100,21,3,2026,103.2801,1.032801,2.6962,0.026962,1.4112,0.1546300000000001,0.010011999999999998,61440.0
sqlite,100,22,1,2026,71.5544,0.715544,1.4305,0.014305000000000002,0.0362,0.0,0.0,49152.0
sqlite_aes_chain,100,22,2,2026,770.9172,7.709172,11.0894,0.11089399999999999,16.2321,nan,nan,196608.0
sqlite_aes,100,22,3,2026,77.3746,0.773746,2.4288,0.024287999999999997,0.7766,0.08996699999999999,0.008666000000000005,61440.0
sqlite_aes_chain,100,23,1,2026,747.5512,7.475512,12.3063,0.123063,14.0773,nan,nan,196608.0
sqlite_aes,100,23,2,2026,75.5808,0.7558079999999999,2.0122,0.020122,0.7583,0.078911,0.007299000000000003,61440.0
sqlite,100,23,3,2026,69.0363,0.690363,0.7978,0.007977999999999999,0.0146,0.0,0.0,49152.0
sqlite_aes,100,24,1,2026,76.1412,0.761412,2.0998,0.020998000000000003,0.7541,0.07863799999999999,0.007497999999999998,61440.0
sqlite,100,24,2,2026,66.6866,0.666866,1.3539,0.013539,0.0302,0.0,0.0,49152.0
sqlite_aes_chain,100,24,3,2026,767.9218,7.679218,8.9848,0.089848,18.6637,nan,nan,196608.0
sqlite_aes_chain,100,25,1,2026,868.5864,8.685864,9.046,0.09046,19.2365,nan,nan,196608.0
sqlite_aes,100,25,2,2026,82.6495,0.826495,2.9864,0.029864,1.2376,0.09998699999999996,0.010858000000000001,61440.0
sqlite,100,25,3,2026,67.4031,0.6740309999999999,1.0193,0.010193,0.0217,0.0,0.0,49152.0
sqlite_aes_chain,100,26,1,2026,790.2855,7.902855,12.0156,0.12015599999999999,18.5624,nan,nan,196608.0
sqlite_aes,100,26,2,2026,81.8841,0.818841,2.1944,0.021943999999999998,0.9518,0.10399900000000006,0.007771000000000001,61440.0
sqlite,100,26,3,2026,80.3646,0.803646,1.8275,0.018275,0.045,0.0,0.0,49152.0
sqlite_aes_chain,100,27,1,2026,987.4882,9.874882,11.5627,0.115627,17.3842,nan,nan,196608.0
sqlite,100,27,2,2026,84.4814,0.844814,1.3467,0.013467,0.0367,0.0,0.0,49152.0
sqlite_aes,100,27,3,2026,97.258,0.97258,2.5965,0.025965,0.8966,0.133047,0.00929499999999999,61440.0
sqlite_aes_chain,100,28,1,2026,861.4537,8.614537,8.6421,0.086421,18.3457,nan,nan,196608.0
sqlite,100,28,2,2026,73.295,0.73295,1.0881,0.010881,0.0234,0.0,0.0,49152.0
sqlite_aes,100,28,3,2026,84.7767,0.847767,2.8062,0.028062,1.4394,0.10243999999999996,0.010518999999999999,61440.0
sqlite,100,29,1,2026,89.1963,0.891963,2.0558,0.020558,0.0624,0.0,0.0,49152.0
sqlite_aes,100,29,2,2026,89.9566,0.899566,2.7467,0.027467000000000002,2.4257,0.09945600000000004,0.010292999999999998,61440.0
sqlite_aes_chain,100,29,3,2026,900.0017,9.000017,15.0494,0.15049400000000002,16.1005,nan,nan,196608.0
sqlite_aes_chain,100,30,1,2026,896.2798,8.962798,10.1708,0.10170799999999999,18.1712,nan,nan,196608.0
sqlite_aes,100,30,2,2026,81.0285,0.8102849999999999,2.4325,0.024325,0.8371,0.09499799999999997,0.008814000000000002,61440.0
sqlite,100,30,3,2026,71.7491,0.717491,0.827,0.00827,0.0161,0.0,0.0,49152.0
sqlite_aes,1000,1,1,2026,785.0576,0.7850576,32.8828,0.032882800000000004,12.5318,0.09132620000000005,0.013248799999999993,503808.0
sqlite_aes_chain,1000,1,2,2026,10549.3018,10.549301799999999,81.652,0.081652,210.0595,nan,nan,1441792.0
sqlite,1000,1,3,2026,860.6848,0.8606848,13.9801,0.0139801,0.3319,0.0,0.0,401408.0
sqlite_aes_chain,1000,2,1,2026,12482.4105,12.4824105,79.9223,0.0799223,330.633,nan,nan,1433600.0
sqlite,1000,2,2,2026,864.591,0.864591,15.7893,0.0157893,0.3263,0.0,0.0,401408.0
sqlite_aes,1000,2,3,2026,863.6072,0.8636072,25.7948,0.0257948,8.4929,0.11226669999999986,0.009785900000000004,507904.0
sqlite,1000,3,1,2026,715.0988,0.7150988,8.8231,0.0088231,0.184,0.0,0.0,401408.0
sqlite_aes_chain,1000,3,2,2026,8933.67,8.93367,78.163,0.078163,152.9799,nan,nan,1445888.0
sqlite_aes,1000,3,3,2026,824.6005,0.8246005,28.1344,0.0281344,9.596,0.10079769999999993,0.011286299999999987,507904.0
sqlite_aes_chain,1000,4,1,2026,9308.7314,9.308731400000001,71.2132,0.0712132,148.7459,nan,nan,1429504.0
sqlite,1000,4,2,2026,791.749,0.791749,8.3733,0.0083733,0.1842,0.0,0.0,401408.0
sqlite_aes,1000,4,3,2026,790.2039,0.7902039,25.6832,0.0256832,9.0191,0.08848600000000006,0.010378700000000018,507904.0
sqlite,1000,5,1,2026,699.3849,0.6993849,7.7866,0.0077866,0.2886,0.0,0.0,401408.0
sqlite_aes_chain,1000,5,2,2026,11741.8815,11.7418815,76.2663,0.0762663,156.1332,nan,nan,1433600.0
sqlite_aes,1000,5,3,2026,751.943,0.751943,28.7904,0.0287904,11.897,0.08075730000000007,0.011575899999999983,507904.0
sqlite_aes_chain,1000,6,1,2026,12366.6182,12.366618200000001,91.0683,0.09106829999999999,161.0165,nan,nan,1425408.0
sqlite,1000,6,2,2026,926.1207,0.9261207,7.866,0.007866,0.2036,0.0,0.0,401408.0
sqlite_aes,1000,6,3,2026,1098.1266,1.0981266,23.9133,0.0239133,9.0636,0.11025630000000013,0.009266299999999983,507904.0
sqlite,1000,7,1,2026,1050.0167,1.0500166999999998,14.5929,0.0145929,0.5939,0.0,0.0,401408.0
sqlite_aes,1000,7,2,2026,1115.6135,1.1156135,38.2029,0.0382029,20.5623,0.1311989,0.01485069999999999,507904.0
sqlite_aes_chain,1000,7,3,2026,12083.9353,12.083935299999998,81.046,0.081046,153.5323,nan,nan,1429504.0
sqlite_aes,1000,8,1,2026,724.2711,0.7242711000000001,31.5913,0.0315913,7.7365,0.07756850000000001,0.016207600000000013,503808.0
sqlite,1000,8,2,2026,621.9234,0.6219234,8.444,0.008444,0.1943,0.0,0.0,401408.0
sqlite_aes_chain,1000,8,3,2026,9060.1117,9.0601117,93.7064,0.0937064,186.151,nan,nan,1425408.0
sqlite,1000,9,1,2026,718.0195,0.7180195,8.209,0.008209,0.1855,0.0,0.0,401408.0
sqlite_aes,1000,9,2,2026,726.9686,0.7269686000000001,23.7129,0.023712900000000002,10.0364,0.07595649999999994,0.009451799999999986,503808.0
sqlite_aes_chain,1000,9,3,2026,9746.4821,9.7464821,70.9776,0.0709776,153.7148,nan,nan,1425408.0
sqlite_aes_chain,1000,10,1,2026,9764.6471,9.7646471,76.8811,0.07688110000000001,147.9012,nan,nan,1433600.0
sqlite_aes,1000,10,2,2026,872.5332,0.8725332,22.3967,0.0223967,10.2865,0.06853850000000009,0.008597699999999996,503808.0
sqlite,1000,10,3,2026,691.3761,0.6913760999999999,11.6705,0.0116705,0.2151,0.0,0.0,401408.0
sqlite_aes_chain,1000,11,1,2026,9855.101,9.855101000000001,64.0119,0.0640119,140.578,nan,nan,1429504.0
sqlite,1000,11,2,2026,766.182,0.766182,10.8579,0.0108579,0.164,0.0,0.0,401408.0
sqlite_aes,1000,11,3,2026,988.7596,0.9887596,31.2031,0.031203099999999998,9.5077,0.09209450000000015,0.0122738,507904.0
sqlite_aes,1000,12,1,2026,1036.3434,1.0363434,30.3444,0.0303444,9.3674,0.10217310000000002,0.012212699999999974,503808.0
sqlite,1000,12,2,2026,709.3054,0.7093054,7.8114,0.0078114,0.1653,0.0,0.0,401408.0
sqlite_aes_chain,1000,12,3,2026,11557.5124,11.5575124,95.1086,0.0951086,199.7449,nan,nan,1429504.0
sqlite_aes_chain,1000,13,1,2026,14401.925,14.401924999999999,86.2613,0.0862613,148.7119,nan,nan,1433600.0
sqlite_aes,1000,13,2,2026,1108.2134,1.1082134000000001,71.6857,0.07168569999999999,25.0222,0.119682,0.027996599999999993,503808.0
sqlite,1000,13,3,2026,1208.5821,1.2085821,15.989,0.015989,0.3372,0.0,0.0,401408.0
sqlite_aes,1000,14,1,2026,1589.4295,1.5894295,55.7613,0.0557613,17.3846,0.25765599999999994,0.022095900000000012,503808.0
sqlite,1000,14,2,2026,879.7649,0.8797649,23.0474,0.0230474,0.469,0.0,0.0,401408.0
sqlite_aes_chain,1000,14,3,2026,12374.2021,12.3742021,63.9761,0.06397610000000001,134.4735,nan,nan,1429504.0
sqlite_aes_chain,1000,15,1,2026,11599.0862,11.5990862,90.3838,0.0903838,176.727,nan,nan,1425408.0
sqlite,1000,15,2,2026,1039.5244,1.0395244,7.8384,0.0078384,0.1597,0.0,0.0,401408.0
sqlite_aes,1000,15,3,2026,995.9837,0.9959837,23.9671,0.023967099999999998,8.1527,0.08903730000000004,0.00949240000000001,503808.0
sqlite_aes_chain,1000,16,1,2026,11495.3006,11.4953006,83.9602,0.0839602,183.1339,nan,nan,1433600.0
sqlite_aes,1000,16,2,2026,867.3081,0.8673080999999999,31.1632,0.0311632,10.0619,0.09383479999999991,0.012982099999999984,503808.0
sqlite,1000,16,3,2026,763.6542,0.7636542,13.3101,0.0133101,0.5863,0.0,0.0,401408.0
sqlite_aes_chain,1000,17,1,2026,10919.1808,10.9191808,162.1057,0.16210570000000002,347.9231,nan,nan,1425408.0
sqlite_aes,1000,17,2,2026,1131.8076,1.1318076000000001,22.7983,0.0227983,7.9722,0.1626676000000001,0.008856799999999998,507904.0
sqlite,1000,17,3,2026,780.6603,0.7806603,9.0804,0.009080399999999999,0.4181,0.0,0.0,401408.0
sqlite,1000,18,1,2026,755.5859,0.7555859,25.0083,0.025008299999999997,0.3789,0.0,0.0,401408.0
sqlite_aes_chain,1000,18,2,2026,10993.3245,10.9933245,65.1937,0.06519370000000001,131.8286,nan,nan,1425408.0
sqlite_aes,1000,18,3,2026,1015.4037,1.0154037,35.6305,0.035630499999999996,12.8494,0.07917339999999995,0.014500799999999998,503808.0
sqlite_aes_chain,1000,19,1,2026,11650.4275,11.6504275,82.6762,0.08267619999999999,213.3815,nan,nan,1425408.0
sqlite_aes,1000,19,2,2026,896.2159,0.8962159000000001,34.9628,0.0349628,14.7511,0.11496399999999991,0.013949500000000012,507904.0
sqlite,1000,19,3,2026,850.9498,0.8509498,9.909,0.009909000000000001,0.1815,0.0,0.0,401408.0
sqlite,1000,20,1,2026,726.8442,0.7268442,12.6447,0.0126447,0.24,0.0,0.0,401408.0
sqlite_aes,1000,20,2,2026,963.9466,0.9639466,32.1136,0.0321136,9.0568,0.11340300000000003,0.012527499999999985,507904.0
sqlite_aes_chain,1000,20,3,2026,10581.1929,10.5811929,76.7446,0.07674460000000001,153.8636,nan,nan,1421312.0
sqlite,1000,21,1,2026,777.4433,0.7774433000000001,11.521,0.011521,0.202,0.0,0.0,401408.0
sqlite_aes_chain,1000,21,2,2026,9364.0214,9.3640214,62.9254,0.0629254,139.0139,nan,nan,1437696.0
sqlite_aes,1000,21,3,2026,815.496,0.815496,28.1429,0.028142900000000002,10.4832,0.09174880000000006,0.010813299999999993,503808.0
sqlite_aes,1000,22,1,2026,810.4682,0.8104682,26.3659,0.0263659,12.5564,0.08734969999999999,0.0104852,507904.0
sqlite,1000,22,2,2026,744.3165,0.7443165,11.8129,0.011812900000000001,0.267,0.0,0.0,401408.0
sqlite_aes_chain,1000,22,3,2026,8886.8366,8.8868366,74.0335,0.0740335,159.4835,nan,nan,1429504.0
sqlite_aes_chain,1000,23,1,2026,8827.7447,8.827744699999998,90.0252,0.0900252,194.3253,nan,nan,1425408.0
sqlite,1000,23,2,2026,786.763,0.786763,11.934,0.011933999999999998,0.23,0.0,0.0,401408.0
sqlite_aes,1000,23,3,2026,756.4792,0.7564792,25.7583,0.025758299999999998,9.5021,0.08608519999999982,0.010261699999999988,503808.0
sqlite_aes_chain,1000,24,1,2026,8640.7396,8.640739600000002,70.0743,0.07007429999999999,156.8561,nan,nan,1433600.0
sqlite_aes,1000,24,2,2026,777.3692,0.7773692,26.5335,0.0265335,8.3986,0.09190550000000004,0.01079159999999997,507904.0
sqlite,1000,24,3,2026,763.6353,0.7636353,9.5189,0.0095189,0.201,0.0,0.0,401408.0
sqlite_aes,1000,25,1,2026,742.1496,0.7421496,29.1301,0.0291301,8.288,0.08293250000000013,0.011414199999999996,507904.0
sqlite,1000,25,2,2026,747.2401,0.7472401,10.129,0.010128999999999999,0.3012,0.0,0.0,401408.0
sqlite_aes_chain,1000,25,3,2026,8532.3461,8.5323461,78.9894,0.0789894,154.9227,nan,nan,1425408.0
sqlite,1000,26,1,2026,804.6985,0.8046985,12.447,0.012447,0.193,0.0,0.0,401408.0
sqlite_aes_chain,1000,26,2,2026,10420.0916,10.4200916,73.404,0.073404,150.3625,nan,nan,1437696.0
sqlite_aes,1000,26,3,2026,1219.4586,1.2194585999999998,51.2722,0.0512722,17.9328,0.1759357999999999,0.02048320000000002,503808.0
sqlite,1000,27,1,2026,921.7328,0.9217328,9.0194,0.009019399999999999,0.2478,0.0,0.0,401408.0
sqlite_aes_chain,1000,27,2,2026,9765.3507,9.7653507,63.1808,0.0631808,134.9574,nan,nan,1421312.0
sqlite_aes,1000,27,3,2026,658.1047,0.6581047,25.4276,0.0254276,8.7523,0.06651220000000002,0.010276600000000023,503808.0
sqlite,1000,28,1,2026,767.0441,0.7670441,18.9975,0.018997499999999997,0.94,0.0,0.0,401408.0
sqlite_aes,1000,28,2,2026,819.8958,0.8198958000000001,27.7902,0.027790199999999998,10.9971,0.09078429999999992,0.010596699999999964,503808.0
sqlite_aes_chain,1000,28,3,2026,13641.2817,13.6412817,84.0484,0.0840484,190.2751,nan,nan,1433600.0
sqlite_aes_chain,1000,29,1,2026,10655.0546,10.6550546,73.3223,0.07332229999999999,152.7334,nan,nan,1433600.0
sqlite,1000,29,2,2026,692.8378,0.6928378000000001,9.8421,0.0098421,0.3915,0.0,0.0,401408.0
sqlite_aes,1000,29,3,2026,752.9519,0.7529519,22.6191,0.0226191,10.7091,0.0883909,0.008840399999999972,503808.0
sqlite,1000,30,1,2026,729.0933,0.7290932999999999,9.6407,0.0096407,0.2015,0.0,0.0,401408.0
sqlite_aes,1000,30,2,2026,702.5032,0.7025032,20.2608,0.0202608,10.6152,0.0755395999999999,0.007803500000000012,503808.0
sqlite_aes_chain,1000,30,3,2026,8664.329,8.664329,81.7107,0.0817107,153.7437,nan,nan,1433600.0
sqlite,10000,1,1,2026,7497.8709,0.74978709,197.342,0.0197342,1.8614,0.0,0.0,3874816.0
sqlite_aes_chain,10000,1,2,2026,89341.7353,8.93417353,738.3184,0.07383184,1829.6433,nan,nan,13852672.0
sqlite_aes,10000,1,3,2026,9878.2925,0.98782925,371.1188,0.03711188,126.185,0.13450185000000014,0.0159797499999999,4861952.0
sqlite,10000,2,1,2026,6982.5588,0.6982558799999999,178.4574,0.017845740000000002,4.1486,0.0,0.0,3874816.0
sqlite_aes,10000,2,2,2026,8390.3362,0.8390336199999999,279.0591,0.02790591,93.5966,0.09784543000000005,0.011862239999999974,4870144.0
sqlite_aes_chain,10000,2,3,2026,96619.5175,9.66195175,721.9037,0.07219036999999999,1651.1503,nan,nan,13803520.0
sqlite,10000,3,1,2026,6105.2622,0.61052622,81.2093,0.00812093,1.6678,0.0,0.0,3874816.0
sqlite_aes_chain,10000,3,2,2026,92735.8147,9.27358147,753.6006,0.07536005999999999,1665.2957,nan,nan,13844480.0
sqlite_aes,10000,3,3,2026,7440.6479,0.74406479,339.5015,0.033950150000000005,119.4209,0.07757896999999983,0.013432449999999855,4870144.0
sqlite_aes_chain,10000,4,1,2026,94254.3901,9.42543901,736.8752,0.07368751999999999,1606.389,nan,nan,13869056.0
sqlite_aes,10000,4,2,2026,6975.3383,0.69753383,279.198,0.027919799999999998,93.155,0.07214418000000013,0.012449509999999908,4870144.0
sqlite,10000,4,3,2026,6117.5427,0.61175427,89.4784,0.008947839999999999,3.6213,0.0,0.0,3874816.0
sqlite_aes,10000,5,1,2026,7534.4663,0.75344663,328.827,0.0328827,128.5365,0.07826373999999989,0.014210309999999749,4870144.0
sqlite_aes_chain,10000,5,2,2026,97818.671,9.7818671,895.5913,0.08955913,1694.3616,nan,nan,13803520.0
sqlite,10000,5,3,2026,7162.8844,0.71628844,99.0882,0.00990882,1.8134,0.0,0.0,3874816.0
sqlite_aes,10000,6,1,2026,8182.4258,0.81824258,288.4695,0.02884695,101.2318,0.09817257000000015,0.012464189999999821,4874240.0
sqlite,10000,6,2,2026,7732.9529,0.77329529,89.8654,0.00898654,1.7221,0.0,0.0,3874816.0
sqlite_aes_chain,10000,6,3,2026,102682.8819,10.26828819,1257.5246,0.12575245999999998,2513.9844,nan,nan,13824000.0
sqlite_aes_chain,10000,7,1,2026,88092.6074,8.80926074,591.5841,0.05915841,1729.6726,nan,nan,13840384.0
sqlite_aes,10000,7,2,2026,6278.3292,0.62783292,199.5599,0.01995599,82.5564,0.05234118999999987,0.00769392000000012,4870144.0
sqlite,10000,7,3,2026,5843.3691,0.58433691,91.3667,0.00913667,1.7244,0.0,0.0,3874816.0
sqlite_aes,10000,8,1,2026,6044.6753,0.60446753,201.3999,0.02013999,80.9028,0.05022854000000017,0.007693980000000022,4870144.0
sqlite_aes_chain,10000,8,2,2026,75261.5109,7.526151089999999,579.0399,0.057903989999999995,1307.4778,nan,nan,13860864.0
sqlite,10000,8,3,2026,5984.2819,0.59842819,82.3416,0.00823416,2.0809,0.0,0.0,3874816.0
sqlite,10000,9,1,2026,6003.0705,0.60030705,73.8853,0.00738853,1.8405,0.0,0.0,3874816.0
sqlite_aes_chain,10000,9,2,2026,75820.171,7.5820171,593.3382,0.05933382,1278.9198,nan,nan,13799424.0
sqlite_aes,10000,9,3,2026,6444.0449,0.64440449,208.976,0.0208976,86.0768,0.057744260000000165,0.008731310000000356,4874240.0
sqlite_aes_chain,10000,10,1,2026,75973.242,7.5973242,723.5882,0.07235882,2055.8671,nan,nan,13819904.0
sqlite,10000,10,2,2026,5861.2785,0.58612785,98.5647,0.00985647,1.6138,0.0,0.0,3874816.0
sqlite_aes,10000,10,3,2026,6913.6495,0.6913649500000001,200.1463,0.02001463,80.7884,0.061271250000000416,0.007647540000000205,4874240.0
sqlite_aes,10000,11,1,2026,6204.6395,0.62046395,229.5413,0.02295413,84.9641,0.051938500000000144,0.00977950000000003,4886528.0
sqlite_aes_chain,10000,11,2,2026,80201.6908,8.02016908,566.7803,0.056678030000000004,1343.9308,nan,nan,13840384.0
sqlite,10000,11,3,2026,5403.949,0.5403949,90.8406,0.00908406,1.7696,0.0,0.0,3874816.0
sqlite,10000,12,1,2026,5892.924,0.5892924,88.9941,0.00889941,1.6395,0.0,0.0,3874816.0
sqlite_aes_chain,10000,12,2,2026,75316.4074,7.531640739999999,691.7345,0.06917345,1325.8515,nan,nan,13836288.0
sqlite_aes,10000,12,3,2026,6030.8696,0.60308696,214.632,0.0214632,82.7747,0.0513601100000001,0.008110739999999998,4874240.0
sqlite,10000,13,1,2026,5193.9436,0.5193943599999999,87.5141,0.00875141,1.6457,0.0,0.0,3874816.0
sqlite_aes_chain,10000,13,2,2026,75670.405,7.5670405,711.9989,0.07119989,1522.5628,nan,nan,13840384.0
sqlite_aes,10000,13,3,2026,6691.4555,0.66914555,270.756,0.0270756,95.6206,0.056391320000000064,0.011548379999999893,4874240.0
sqlite_aes,10000,14,1,2026,6715.8625,0.67158625,245.0858,0.024508580000000002,94.9003,0.05786958999999983,0.009440949999999807,4882432.0
sqlite,10000,14,2,2026,5922.4295,0.59224295,102.9108,0.01029108,2.5382,0.0,0.0,3874816.0
sqlite_aes_chain,10000,14,3,2026,76941.1013,7.694110129999999,652.8421,0.06528421,1326.2405,nan,nan,13856768.0
sqlite_aes,10000,15,1,2026,6247.2764,0.62472764,232.7181,0.02327181,92.8902,0.053953639999999824,0.00908668999999995,4870144.0
sqlite,10000,15,2,2026,6551.4665,0.65514665,95.1486,0.00951486,1.7415,0.0,0.0,3874816.0
sqlite_aes_chain,10000,15,3,2026,77518.0524,7.75180524,566.3296,0.05663296,1284.6828,nan,nan,13856768.0
sqlite,10000,16,1,2026,5311.0438,0.53110438,86.9142,0.00869142,1.7996,0.0,0.0,3874816.0
sqlite_aes_chain,10000,16,2,2026,79756.1037,7.975610370000001,640.6592,0.06406592000000001,1342.3231,nan,nan,13856768.0
sqlite_aes,10000,16,3,2026,6528.8421,0.65288421,268.0949,0.02680949,96.5263,0.05267640000000003,0.009946129999999826,4870144.0
sqlite_aes_chain,10000,17,1,2026,76016.1825,7.60161825,812.4821,0.08124821,1674.5861,nan,nan,13844480.0
sqlite,10000,17,2,2026,5820.5792,0.58205792,87.8328,0.008783280000000001,1.7036,0.0,0.0,3874816.0
sqlite_aes,10000,17,3,2026,6524.0129,0.65240129,197.4266,0.019742660000000002,80.3134,0.050627290000000026,0.007520090000000229,4878336.0
sqlite_aes,10000,18,1,2026,5997.8842,0.59978842,215.1502,0.021515020000000003,86.0295,0.04995911999999995,0.009249980000000222,4866048.0
sqlite,10000,18,2,2026,5655.7215,0.5655721499999999,75.4359,0.00754359,1.7699,0.0,0.0,3874816.0
sqlite_aes_chain,10000,18,3,2026,76705.8624,7.67058624,590.2105,0.059021050000000005,1276.6756,nan,nan,13811712.0
sqlite_aes_chain,10000,19,1,2026,75552.1447,7.55521447,795.1133,0.07951132999999999,1363.2848,nan,nan,13864960.0
sqlite_aes,10000,19,2,2026,6096.1728,0.60961728,248.5866,0.02485866,102.8218,0.052177659999999806,0.010250259999999926,4874240.0
sqlite,10000,19,3,2026,5508.8323,0.5508832300000001,74.9849,0.00749849,1.6476,0.0,0.0,3874816.0
sqlite_aes_chain,10000,20,1,2026,74756.7524,7.47567524,669.5949,0.06695949000000001,1658.2308,nan,nan,13824000.0
sqlite_aes,10000,20,2,2026,6387.8784,0.63878784,198.139,0.019813900000000002,79.5261,0.05122140000000014,0.007566600000000158,4870144.0
sqlite,10000,20,3,2026,5839.9205,0.58399205,93.6229,0.00936229,1.6288,0.0,0.0,3874816.0
sqlite,10000,21,1,2026,5714.7796,0.57147796,81.8837,0.00818837,1.652,0.0,0.0,3874816.0
sqlite_aes_chain,10000,21,2,2026,76003.9109,7.6003910900000005,573.9315,0.057393150000000004,1283.9385,nan,nan,13860864.0
sqlite_aes,10000,21,3,2026,5859.8317,0.58598317,207.7339,0.02077339,81.241,0.04755276000000003,0.00877815000000014,4870144.0
sqlite_aes_chain,10000,22,1,2026,74804.2739,7.48042739,642.4158,0.06424157999999999,1647.3172,nan,nan,13881344.0
sqlite_aes,10000,22,2,2026,6400.5725,0.64005725,197.4264,0.01974264,85.6719,0.05220390000000005,0.0075665400000001085,4882432.0
sqlite,10000,22,3,2026,5393.7068,0.53937068,82.9605,0.00829605,1.6239,0.0,0.0,3874816.0
sqlite_aes,10000,23,1,2026,6083.2182,0.60832182,217.8452,0.02178452,83.5803,0.04790462000000012,0.008251939999999978,4870144.0
sqlite_aes_chain,10000,23,2,2026,74846.4235,7.4846423500000006,562.0325,0.05620325,1332.1988,nan,nan,13848576.0
sqlite,10000,23,3,2026,5544.0066,0.55440066,79.7946,0.00797946,1.9573,0.0,0.0,3874816.0
sqlite,10000,24,1,2026,5714.136,0.5714136000000001,90.5844,0.009058440000000001,1.674,0.0,0.0,3874816.0
sqlite_aes_chain,10000,24,2,2026,77320.5876,7.73205876,569.3311,0.05693311,1335.3809,nan,nan,13848576.0
sqlite_aes,10000,24,3,2026,6212.5233,0.62125233,204.1326,0.02041326,80.9137,0.05517125999999995,0.007864310000000188,4870144.0
sqlite,10000,25,1,2026,5367.8763,0.53678763,86.09,0.008609,2.0319,0.0,0.0,3874816.0
sqlite_aes_chain,10000,25,2,2026,75941.0434,7.5941043399999995,565.1979,0.05651979,1293.1703,nan,nan,13811712.0
sqlite_aes,10000,25,3,2026,6086.5941,0.60865941,205.4253,0.02054253,80.3,0.05161277999999998,0.00791304000000024,4866048.0
sqlite_aes_chain,10000,26,1,2026,78604.7674,7.860476739999999,800.5674,0.08005674,1547.5302,nan,nan,13815808.0
sqlite_aes,10000,26,2,2026,6667.6879,0.66676879,209.57,0.020957,84.5796,0.05368977999999993,0.008066350000000031,4874240.0
sqlite,10000,26,3,2026,5782.5173,0.5782517300000001,88.423,0.0088423,1.7394,0.0,0.0,3874816.0
sqlite_aes_chain,10000,27,1,2026,75003.9454,7.500394539999999,597.8087,0.05978087000000001,1270.799,nan,nan,13860864.0
sqlite_aes,10000,27,2,2026,6407.9209,0.64079209,197.1304,0.01971304,82.4868,0.05221642000000008,0.00752011000000018,4874240.0
sqlite,10000,27,3,2026,5578.246,0.5578246,91.7214,0.00917214,2.8636,0.0,0.0,3874816.0
sqlite_aes_chain,10000,28,1,2026,103980.8814,10.39808814,788.2625,0.07882625,1399.6645,nan,nan,13819904.0
sqlite,10000,28,2,2026,6679.4264,0.66794264,92.2986,0.00922986,2.897,0.0,0.0,3874816.0
sqlite_aes,10000,28,3,2026,7810.3352,0.78103352,374.9062,0.03749062,92.5398,0.08568361000000027,0.016931849999999717,4870144.0
sqlite,10000,29,1,2026,6824.9412,0.68249412,92.5872,0.00925872,2.8853,0.0,0.0,3874816.0
sqlite_aes,10000,29,2,2026,7446.0149,0.74460149,229.7371,0.02297371,93.9543,0.06828064999999985,0.009625970000000206,4874240.0
sqlite_aes_chain,10000,29,3,2026,79882.0621,7.9882062099999995,594.5453,0.05945453,1316.1134,nan,nan,13832192.0
sqlite_aes_chain,10000,30,1,2026,93963.8185,9.39638185,930.0073,0.09300073,1537.1397,nan,nan,13840384.0
sqlite_aes,10000,30,2,2026,6780.187,0.6780187,271.6055,0.027160550000000002,85.7446,0.06566265000000013,0.01146158999999978,4874240.0
sqlite,10000,30,3,2026,6005.8621,0.60058621,81.87,0.008187,1.781,0.0,0.0,3874816.0
