profile,size,metric,mean,median,minimum,maximum,stdev
sqlcipher,100,add_total_ms,68.54887,68.67325,60.045,80.1378,6.740114457987917
sqlcipher,100,add_per_record_ms,0.6854887,0.6867325,0.60045,0.801378,0.06740114457987918
sqlcipher,100,query_total_ms,0.77374,0.67845,0.6222,1.2256,0.22385978845895682
sqlcipher,100,query_per_record_ms,0.0077374,0.0067845,0.006222,0.012256,0.002238597884589568
sqlcipher,100,verify_total_ms,0.06486,0.0614,0.046,0.0935,0.01583983726066794
sqlcipher,100,database_size_bytes,53248.0,53248.0,53248.0,53248.0,0.0
sqlcipher,1000,add_total_ms,783.30208,793.1068,630.7733,987.9728,102.63972022154647
sqlcipher,1000,add_per_record_ms,0.78330208,0.7931068000000001,0.6307733,0.9879728,0.10263972022154645
sqlcipher,1000,query_total_ms,8.21695,7.44285,5.8387,15.5317,2.968859125526542
sqlcipher,1000,query_per_record_ms,0.00821695,0.00744285,0.0058387000000000005,0.0155317,0.0029688591255265418
sqlcipher,1000,verify_total_ms,2.2839300000000002,2.1323,1.7698,4.4688,0.8025220426879252
sqlcipher,1000,database_size_bytes,409600.0,409600.0,409600.0,409600.0,0.0
sqlcipher,10000,add_total_ms,6965.36376,7000.3715,5683.3381,7799.5632,644.3776617532648
sqlcipher,10000,add_per_record_ms,0.696536376,0.70003715,0.5683338099999999,0.7799563199999999,0.06443776617532648
sqlcipher,10000,query_total_ms,96.05342,95.78075000000001,62.2415,148.491,23.676639953797878
sqlcipher,10000,query_per_record_ms,0.009605342,0.009578075000000002,0.00622415,0.014849100000000002,0.002367663995379788
sqlcipher,10000,verify_total_ms,22.59902,19.37565,18.1216,50.5029,9.884551096511947
sqlcipher,10000,database_size_bytes,3948544.0,3948544.0,3948544.0,3948544.0,0.0
sqlite,100,add_total_ms,55.83501,53.1051,49.2986,72.7473,6.975467178691329
sqlite,100,add_per_record_ms,0.5583501,0.531051,0.492986,0.7274729999999999,0.06975467178691329
sqlite,100,query_total_ms,0.7181,0.6478999999999999,0.6111,0.9619,0.12816291715364994
sqlite,100,query_per_record_ms,0.007181,0.006479,0.006111,0.009618999999999999,0.001281629171536499
sqlite,100,verify_total_ms,0.032600000000000004,0.0131,0.012,0.1836,0.05339136426218924
sqlite,100,encrypt_per_record_ms,0.0,0.0,0.0,0.0,0.0
sqlite,100,decrypt_per_record_ms,0.0,0.0,0.0,0.0,0.0
sqlite,100,database_size_bytes,49152.0,49152.0,49152.0,49152.0,0.0
sqlite,1000,add_total_ms,651.57047,617.1484,528.1285,789.552,91.19135957245864
sqlite,1000,add_per_record_ms,0.65157047,0.6171484,0.5281285,0.789552,0.09119135957245864
sqlite,1000,query_total_ms,11.85014,8.37235,5.9739,35.7573,9.154649984594958
sqlite,1000,query_per_record_ms,0.01185014,0.00837235,0.005973900000000001,0.0357573,0.009154649984594957
sqlite,1000,verify_total_ms,0.48912000000000005,0.21025,0.1705,1.747,0.5170201840031651
sqlite,1000,encrypt_per_record_ms,0.0,0.0,0.0,0.0,0.0
sqlite,1000,decrypt_per_record_ms,0.0,0.0,0.0,0.0,0.0
sqlite,1000,database_size_bytes,401408.0,401408.0,401408.0,401408.0,0.0
sqlite,10000,add_total_ms,5641.724066666667,5627.0822,4919.5234,6378.5666,729.6317927976914
sqlite,10000,add_per_record_ms,0.5641724066666667,0.56270822,0.49195234,0.63785666,0.07296317927976913
sqlite,10000,query_total_ms,85.4501,88.0152,62.5656,105.7695,21.71587086234397
sqlite,10000,query_per_record_ms,0.00854501,0.008801519999999998,0.00625656,0.01057695,0.0021715870862343972
sqlite,10000,verify_total_ms,1.6225666666666667,1.5366,1.491,1.8401,0.18976407282026106
sqlite,10000,encrypt_per_record_ms,0.0,0.0,0.0,0.0,0.0
sqlite,10000,decrypt_per_record_ms,0.0,0.0,0.0,0.0,0.0
sqlite,10000,database_size_bytes,3874816.0,3874816.0,3874816.0,3874816.0,0.0
sqlite_aes,100,add_total_ms,62.332989999999995,61.30905,54.6969,74.6812,6.944718268095706
sqlite_aes,100,add_per_record_ms,0.6233299,0.6130905,0.546969,0.746812,0.06944718268095704
sqlite_aes,100,query_total_ms,2.13169,1.9855500000000001,1.7518,3.1323,0.4310770785679362
sqlite_aes,100,query_per_record_ms,0.0213169,0.0198555,0.017518,0.031323,0.004310770785679362
sqlite_aes,100,verify_total_ms,0.82516,0.71995,0.6652,1.3961,0.2471025617026258
sqlite_aes,100,encrypt_per_record_ms,0.053134499999999994,0.04565050000000001,0.041432000000000004,0.086458,0.01558590952145915
sqlite_aes,100,decrypt_per_record_ms,0.008038499999999999,0.007686999999999998,0.006423000000000001,0.011967000000000007,0.001665596806619847
sqlite_aes,100,database_size_bytes,61440.0,61440.0,61440.0,61440.0,0.0
sqlite_aes,1000,add_total_ms,779.01229,700.68755,593.6685,1203.0979,202.6883921575374
sqlite_aes,1000,add_per_record_ms,0.77901229,0.70068755,0.5936685,1.2030979,0.2026883921575374
sqlite_aes,1000,query_total_ms,22.03975,21.081049999999998,17.2127,30.4128,4.532947549822791
sqlite_aes,1000,query_per_record_ms,0.02203975,0.02108105,0.0172127,0.0304128,0.004532947549822791
sqlite_aes,1000,verify_total_ms,8.38303,7.72485,7.2146,10.7209,1.301220548433918
sqlite_aes,1000,encrypt_per_record_ms,0.07584328999999995,0.058481299999999944,0.041452499999999996,0.18098829999999988,0.04373154913688868
sqlite_aes,1000,decrypt_per_record_ms,0.009200550000000009,0.00853990000000002,0.00689310000000001,0.013060400000000005,0.0022844147722483796
sqlite_aes,1000,database_size_bytes,505446.4,503808.0,503808.0,507904.0,2115.165304808744
sqlite_aes,10000,add_total_ms,7315.544766666666,7450.054,6558.593,7937.9873,699.465302289587
sqlite_aes,10000,add_per_record_ms,0.7315544766666667,0.7450054,0.6558593,0.79379873,0.06994653022895869
sqlite_aes,10000,query_total_ms,194.52700000000002,193.2131,192.1601,198.2078,3.2308541796249446
sqlite_aes,10000,query_per_record_ms,0.0194527,0.01932131,0.01921601,0.01982078,0.0003230854179624949
sqlite_aes,10000,verify_total_ms,75.0603,72.9141,71.3143,80.9525,5.1651094509216335
sqlite_aes,10000,encrypt_per_record_ms,0.06049127333333328,0.058456969999999976,0.05571196000000005,0.06730488999999981,0.006058283505683095
sqlite_aes,10000,decrypt_per_record_ms,0.007509350000000302,0.007465840000000186,0.007254520000000527,0.007807690000000194,0.00027913993318748857
sqlite_aes,10000,database_size_bytes,4878336.0,4878336.0,4874240.0,4882432.0,4096.0
sqlite_aes_chain,100,add_total_ms,2067.1446499999997,2020.9744999999998,1733.335,2599.8443,325.21376298482426
sqlite_aes_chain,100,add_per_record_ms,20.6714465,20.209744999999998,17.33335,25.998443,3.252137629848243
sqlite_aes_chain,100,query_total_ms,8.28893,7.6144,6.6288,10.9564,1.5007482733993438
sqlite_aes_chain,100,query_per_record_ms,0.0828893,0.07614399999999999,0.066288,0.10956400000000001,0.015007482733993438
sqlite_aes_chain,100,verify_total_ms,24.70606,23.203,19.1856,36.2639,5.375424023212805
sqlite_aes_chain,100,database_size_bytes,221184.0,221184.0,221184.0,221184.0,0.0
sqlite_aes_chain,1000,add_total_ms,26763.429709999997,26597.798799999997,19473.6313,34097.6401,4100.527991028418
sqlite_aes_chain,1000,add_per_record_ms,26.763429709999997,26.5977988,19.4736313,34.0976401,4.100527991028419
sqlite_aes_chain,1000,query_total_ms,78.23356,68.83335,49.5301,174.9657,36.06721205897555
sqlite_aes_chain,1000,query_per_record_ms,0.07823356000000001,0.06883335,0.0495301,0.1749657,0.03606721205897555
sqlite_aes_chain,1000,verify_total_ms,213.02486,202.0537,128.109,360.2436,67.53904471134045
sqlite_aes_chain,1000,database_size_bytes,1534771.2,1531904.0,1527808.0,1544192.0,5478.373416342563
sqlite_aes_chain,10000,add_total_ms,211348.67836666666,208836.2016,206163.5875,219046.246,6798.90631897407
sqlite_aes_chain,10000,add_per_record_ms,21.13486783666667,20.88362016,20.61635875,21.904624600000002,0.6798906318974072
sqlite_aes_chain,10000,query_total_ms,752.4175,754.9615,641.1509,861.1401,110.01666228876424
sqlite_aes_chain,10000,query_per_record_ms,0.07524175,0.07549615,0.06411509,0.08611400999999999,0.01100166622887642
sqlite_aes_chain,10000,verify_total_ms,1525.2752666666668,1511.7585,1466.6555,1597.4118,66.41784197987266
sqlite_aes_chain,10000,database_size_bytes,14842538.666666666,14839808.0,14835712.0,14852096.0,8526.50393381328
