case,attacker_model,trials,detected,detection_rate
thay_doi_ban_ma,inconsistent_mutation,30,30,1.0
thay_doi_the_xac_thuc,inconsistent_mutation,30,30,1.0
thay_doi_nonce,inconsistent_mutation,30,30,1.0
thay_doi_bam_phong_bi,inconsistent_mutation,30,30,1.0
thay_doi_lien_ket_khoi,inconsistent_mutation,30,30,1.0
xoa_khoi_giua,inconsistent_mutation,30,30,1.0
sua_va_bam_lai,adaptive_db_writer,30,30,1.0
sua_timestamp_va_bam_lai,adaptive_db_writer,30,30,1.0
xoa_ho_so_va_noi_lai_chuoi,adaptive_db_writer,30,30,1.0
cat_duoi_va_sua_head,adaptive_db_writer,30,30,1.0
ghep_lich_su_hop_le,adaptive_db_writer,30,30,1.0
sap_xep_va_danh_chi_muc_lai,adaptive_db_writer,30,30,1.0
rollback_rieng_mot_ho_so,adaptive_db_writer,30,30,1.0
