case,trial,detected,message_count,messages
thay_doi_ban_ma,1,1,2,"Giá trị băm gói mã hóa của hồ sơ 88301c7d-9fec-4980-b5b7-68276a4dee72, phiên bản 1 không hợp lệ. | Gói mã hóa không hợp lệ, không xác thực hoặc giải mã được hồ sơ 88301c7d-9fec-4980-b5b7-68276a4dee72, phiên bản 1: InvalidTag."
thay_doi_ban_ma,2,1,2,"Giá trị băm gói mã hóa của hồ sơ c0f5a821-8781-4db9-b480-284daaf049ba, phiên bản 1 không hợp lệ. | Gói mã hóa không hợp lệ, không xác thực hoặc giải mã được hồ sơ c0f5a821-8781-4db9-b480-284daaf049ba, phiên bản 1: InvalidTag."
thay_doi_ban_ma,3,1,2,"Giá trị băm gói mã hóa của hồ sơ 1fda9b75-6273-4b95-98ac-4b6d34887352, phiên bản 1 không hợp lệ. | Gói mã hóa không hợp lệ, không xác thực hoặc giải mã được hồ sơ 1fda9b75-6273-4b95-98ac-4b6d34887352, phiên bản 1: InvalidTag."
thay_doi_ban_ma,4,1,2,"Giá trị băm gói mã hóa của hồ sơ 4a8041d9-f615-4871-92b5-26b0cd306382, phiên bản 1 không hợp lệ. | Gói mã hóa không hợp lệ, không xác thực hoặc giải mã được hồ sơ 4a8041d9-f615-4871-92b5-26b0cd306382, phiên bản 1: InvalidTag."
thay_doi_ban_ma,5,1,2,"Giá trị băm gói mã hóa của hồ sơ 8517348c-e1b7-43a9-a495-1e05da147841, phiên bản 1 không hợp lệ. | Gói mã hóa không hợp lệ, không xác thực hoặc giải mã được hồ sơ 8517348c-e1b7-43a9-a495-1e05da147841, phiên bản 1: InvalidTag."
thay_doi_ban_ma,6,1,2,"Giá trị băm gói mã hóa của hồ sơ b2b6feca-b179-4811-b7e4-7f43b9a98405, phiên bản 1 không hợp lệ. | Gói mã hóa không hợp lệ, không xác thực hoặc giải mã được hồ sơ b2b6feca-b179-4811-b7e4-7f43b9a98405, phiên bản 1: InvalidTag."
thay_doi_ban_ma,7,1,2,"Giá trị băm gói mã hóa của hồ sơ 11fc74ad-da66-4252-a92c-c75cd16b8b68, phiên bản 1 không hợp lệ. | Gói mã hóa không hợp lệ, không xác thực hoặc giải mã được hồ sơ 11fc74ad-da66-4252-a92c-c75cd16b8b68, phiên bản 1: InvalidTag."
thay_doi_ban_ma,8,1,2,"Giá trị băm gói mã hóa của hồ sơ 5a8c9bf0-74ab-4109-a0a7-f1a3cc47daa2, phiên bản 1 không hợp lệ. | Gói mã hóa không hợp lệ, không xác thực hoặc giải mã được hồ sơ 5a8c9bf0-74ab-4109-a0a7-f1a3cc47daa2, phiên bản 1: InvalidTag."
thay_doi_ban_ma,9,1,2,"Giá trị băm gói mã hóa của hồ sơ 2219f227-33f7-4741-95fc-dec2b91d23f5, phiên bản 1 không hợp lệ. | Gói mã hóa không hợp lệ, không xác thực hoặc giải mã được hồ sơ 2219f227-33f7-4741-95fc-dec2b91d23f5, phiên bản 1: InvalidTag."
thay_doi_ban_ma,10,1,2,"Giá trị băm gói mã hóa của hồ sơ 5ddde45b-3591-476e-a137-faeaa1446eeb, phiên bản 1 không hợp lệ. | Gói mã hóa không hợp lệ, không xác thực hoặc giải mã được hồ sơ 5ddde45b-3591-476e-a137-faeaa1446eeb, phiên bản 1: InvalidTag."
thay_doi_ban_ma,11,1,2,"Giá trị băm gói mã hóa của hồ sơ 15ec3dbf-7d26-4b48-b868-b92fd3964433, phiên bản 1 không hợp lệ. | Gói mã hóa không hợp lệ, không xác thực hoặc giải mã được hồ sơ 15ec3dbf-7d26-4b48-b868-b92fd3964433, phiên bản 1: InvalidTag."
thay_doi_ban_ma,12,1,2,"Giá trị băm gói mã hóa của hồ sơ 6ae806ac-7191-4edb-87f8-355c39cadd53, phiên bản 1 không hợp lệ. | Gói mã hóa không hợp lệ, không xác thực hoặc giải mã được hồ sơ 6ae806ac-7191-4edb-87f8-355c39cadd53, phiên bản 1: InvalidTag."
thay_doi_ban_ma,13,1,2,"Giá trị băm gói mã hóa của hồ sơ 62f5ce3a-5aee-4f40-b83b-1b2756466381, phiên bản 1 không hợp lệ. | Gói mã hóa không hợp lệ, không xác thực hoặc giải mã được hồ sơ 62f5ce3a-5aee-4f40-b83b-1b2756466381, phiên bản 1: InvalidTag."
thay_doi_ban_ma,14,1,2,"Giá trị băm gói mã hóa của hồ sơ 34b36614-ca99-4217-8d71-11d87c06bbd6, phiên bản 1 không hợp lệ. | Gói mã hóa không hợp lệ, không xác thực hoặc giải mã được hồ sơ 34b36614-ca99-4217-8d71-11d87c06bbd6, phiên bản 1: InvalidTag."
thay_doi_ban_ma,15,1,2,"Giá trị băm gói mã hóa của hồ sơ 9f92675b-7c98-46b7-b62f-2f09fdc4b7c8, phiên bản 1 không hợp lệ. | Gói mã hóa không hợp lệ, không xác thực hoặc giải mã được hồ sơ 9f92675b-7c98-46b7-b62f-2f09fdc4b7c8, phiên bản 1: InvalidTag."
thay_doi_ban_ma,16,1,2,"Giá trị băm gói mã hóa của hồ sơ 61a93a41-b28a-4730-b7fd-5a7abd50486d, phiên bản 1 không hợp lệ. | Gói mã hóa không hợp lệ, không xác thực hoặc giải mã được hồ sơ 61a93a41-b28a-4730-b7fd-5a7abd50486d, phiên bản 1: InvalidTag."
thay_doi_ban_ma,17,1,2,"Giá trị băm gói mã hóa của hồ sơ 9eb6b8fd-c2fc-4259-b81a-26d1c2901bcc, phiên bản 1 không hợp lệ. | Gói mã hóa không hợp lệ, không xác thực hoặc giải mã được hồ sơ 9eb6b8fd-c2fc-4259-b81a-26d1c2901bcc, phiên bản 1: InvalidTag."
thay_doi_ban_ma,18,1,2,"Giá trị băm gói mã hóa của hồ sơ 23d9e794-e43f-45eb-b0cb-61927a79f20e, phiên bản 1 không hợp lệ. | Gói mã hóa không hợp lệ, không xác thực hoặc giải mã được hồ sơ 23d9e794-e43f-45eb-b0cb-61927a79f20e, phiên bản 1: InvalidTag."
thay_doi_ban_ma,19,1,2,"Giá trị băm gói mã hóa của hồ sơ 59dabda9-91e0-4683-ab4d-5bfd2993da84, phiên bản 1 không hợp lệ. | Gói mã hóa không hợp lệ, không xác thực hoặc giải mã được hồ sơ 59dabda9-91e0-4683-ab4d-5bfd2993da84, phiên bản 1: InvalidTag."
thay_doi_ban_ma,20,1,2,"Giá trị băm gói mã hóa của hồ sơ 79af4e43-358f-42b9-90e2-ad9f8a045847, phiên bản 1 không hợp lệ. | Gói mã hóa không hợp lệ, không xác thực hoặc giải mã được hồ sơ 79af4e43-358f-42b9-90e2-ad9f8a045847, phiên bản 1: InvalidTag."
thay_doi_ban_ma,21,1,2,"Giá trị băm gói mã hóa của hồ sơ 39e4cc6d-4751-4a71-9d6d-6b16f136eb17, phiên bản 1 không hợp lệ. | Gói mã hóa không hợp lệ, không xác thực hoặc giải mã được hồ sơ 39e4cc6d-4751-4a71-9d6d-6b16f136eb17, phiên bản 1: InvalidTag."
thay_doi_ban_ma,22,1,2,"Giá trị băm gói mã hóa của hồ sơ 0ca9ca44-86e9-4947-8dd8-e6e1d192853c, phiên bản 1 không hợp lệ. | Gói mã hóa không hợp lệ, không xác thực hoặc giải mã được hồ sơ 0ca9ca44-86e9-4947-8dd8-e6e1d192853c, phiên bản 1: InvalidTag."
thay_doi_ban_ma,23,1,2,"Giá trị băm gói mã hóa của hồ sơ 710c19a7-6253-4bef-b56d-df1f269945d0, phiên bản 1 không hợp lệ. | Gói mã hóa không hợp lệ, không xác thực hoặc giải mã được hồ sơ 710c19a7-6253-4bef-b56d-df1f269945d0, phiên bản 1: InvalidTag."
thay_doi_ban_ma,24,1,2,"Giá trị băm gói mã hóa của hồ sơ 00aa8ce4-86a6-4fc3-93e8-9e19f9616459, phiên bản 1 không hợp lệ. | Gói mã hóa không hợp lệ, không xác thực hoặc giải mã được hồ sơ 00aa8ce4-86a6-4fc3-93e8-9e19f9616459, phiên bản 1: InvalidTag."
thay_doi_ban_ma,25,1,2,"Giá trị băm gói mã hóa của hồ sơ 708a3926-be5f-44f0-82fe-fcc07b02c47e, phiên bản 1 không hợp lệ. | Gói mã hóa không hợp lệ, không xác thực hoặc giải mã được hồ sơ 708a3926-be5f-44f0-82fe-fcc07b02c47e, phiên bản 1: InvalidTag."
thay_doi_ban_ma,26,1,2,"Giá trị băm gói mã hóa của hồ sơ ba78168c-ab97-465c-8466-0158636423f2, phiên bản 1 không hợp lệ. | Gói mã hóa không hợp lệ, không xác thực hoặc giải mã được hồ sơ ba78168c-ab97-465c-8466-0158636423f2, phiên bản 1: InvalidTag."
thay_doi_ban_ma,27,1,2,"Giá trị băm gói mã hóa của hồ sơ 31d4d694-5117-4bf9-8c23-ce15e40ad6de, phiên bản 1 không hợp lệ. | Gói mã hóa không hợp lệ, không xác thực hoặc giải mã được hồ sơ 31d4d694-5117-4bf9-8c23-ce15e40ad6de, phiên bản 1: InvalidTag."
thay_doi_ban_ma,28,1,2,"Giá trị băm gói mã hóa của hồ sơ 09ba7aa5-4759-47b7-bd3d-1de67f8e82ec, phiên bản 1 không hợp lệ. | Gói mã hóa không hợp lệ, không xác thực hoặc giải mã được hồ sơ 09ba7aa5-4759-47b7-bd3d-1de67f8e82ec, phiên bản 1: InvalidTag."
thay_doi_ban_ma,29,1,2,"Giá trị băm gói mã hóa của hồ sơ 320718e3-5d69-4ade-bbdf-003ae25513f4, phiên bản 1 không hợp lệ. | Gói mã hóa không hợp lệ, không xác thực hoặc giải mã được hồ sơ 320718e3-5d69-4ade-bbdf-003ae25513f4, phiên bản 1: InvalidTag."
thay_doi_ban_ma,30,1,2,"Giá trị băm gói mã hóa của hồ sơ c4564899-4af6-49b2-a30a-fa27e652946f, phiên bản 1 không hợp lệ. | Gói mã hóa không hợp lệ, không xác thực hoặc giải mã được hồ sơ c4564899-4af6-49b2-a30a-fa27e652946f, phiên bản 1: InvalidTag."
thay_doi_the_xac_thuc,1,1,2,"Giá trị băm gói mã hóa của hồ sơ c658e2b9-c32e-4319-af91-85fe387aed5c, phiên bản 1 không hợp lệ. | Gói mã hóa không hợp lệ, không xác thực hoặc giải mã được hồ sơ c658e2b9-c32e-4319-af91-85fe387aed5c, phiên bản 1: InvalidTag."
thay_doi_the_xac_thuc,2,1,2,"Giá trị băm gói mã hóa của hồ sơ 600421ff-c907-4bff-bff0-d0e5ac67f4e3, phiên bản 1 không hợp lệ. | Gói mã hóa không hợp lệ, không xác thực hoặc giải mã được hồ sơ 600421ff-c907-4bff-bff0-d0e5ac67f4e3, phiên bản 1: InvalidTag."
thay_doi_the_xac_thuc,3,1,2,"Giá trị băm gói mã hóa của hồ sơ 01ce2b78-ba32-459f-8368-754e1bb3692a, phiên bản 1 không hợp lệ. | Gói mã hóa không hợp lệ, không xác thực hoặc giải mã được hồ sơ 01ce2b78-ba32-459f-8368-754e1bb3692a, phiên bản 1: InvalidTag."
thay_doi_the_xac_thuc,4,1,2,"Giá trị băm gói mã hóa của hồ sơ 2419fef3-29bc-4635-ac2b-7fa713ab107a, phiên bản 1 không hợp lệ. | Gói mã hóa không hợp lệ, không xác thực hoặc giải mã được hồ sơ 2419fef3-29bc-4635-ac2b-7fa713ab107a, phiên bản 1: InvalidTag."
thay_doi_the_xac_thuc,5,1,2,"Giá trị băm gói mã hóa của hồ sơ 529e5a4c-74a5-4074-b9a7-ab9ac17565bb, phiên bản 1 không hợp lệ. | Gói mã hóa không hợp lệ, không xác thực hoặc giải mã được hồ sơ 529e5a4c-74a5-4074-b9a7-ab9ac17565bb, phiên bản 1: InvalidTag."
thay_doi_the_xac_thuc,6,1,2,"Giá trị băm gói mã hóa của hồ sơ 3b1fec1e-b797-4996-9182-19d275fe1c77, phiên bản 1 không hợp lệ. | Gói mã hóa không hợp lệ, không xác thực hoặc giải mã được hồ sơ 3b1fec1e-b797-4996-9182-19d275fe1c77, phiên bản 1: InvalidTag."
thay_doi_the_xac_thuc,7,1,2,"Giá trị băm gói mã hóa của hồ sơ 0a637501-7b47-48bf-bf8a-1d7574bdaaa3, phiên bản 1 không hợp lệ. | Gói mã hóa không hợp lệ, không xác thực hoặc giải mã được hồ sơ 0a637501-7b47-48bf-bf8a-1d7574bdaaa3, phiên bản 1: InvalidTag."
thay_doi_the_xac_thuc,8,1,2,"Giá trị băm gói mã hóa của hồ sơ 4ad1902c-1316-4959-8191-9801b659a196, phiên bản 1 không hợp lệ. | Gói mã hóa không hợp lệ, không xác thực hoặc giải mã được hồ sơ 4ad1902c-1316-4959-8191-9801b659a196, phiên bản 1: InvalidTag."
thay_doi_the_xac_thuc,9,1,2,"Giá trị băm gói mã hóa của hồ sơ 18a6a9e0-6f41-4962-b40d-845e3ebba353, phiên bản 1 không hợp lệ. | Gói mã hóa không hợp lệ, không xác thực hoặc giải mã được hồ sơ 18a6a9e0-6f41-4962-b40d-845e3ebba353, phiên bản 1: InvalidTag."
thay_doi_the_xac_thuc,10,1,2,"Giá trị băm gói mã hóa của hồ sơ 3ad6432c-d0fb-46d5-a5fb-0bebe6fab516, phiên bản 1 không hợp lệ. | Gói mã hóa không hợp lệ, không xác thực hoặc giải mã được hồ sơ 3ad6432c-d0fb-46d5-a5fb-0bebe6fab516, phiên bản 1: InvalidTag."
thay_doi_the_xac_thuc,11,1,2,"Giá trị băm gói mã hóa của hồ sơ abe61bc2-7063-458f-9d3f-3fb4fe3119e2, phiên bản 1 không hợp lệ. | Gói mã hóa không hợp lệ, không xác thực hoặc giải mã được hồ sơ abe61bc2-7063-458f-9d3f-3fb4fe3119e2, phiên bản 1: InvalidTag."
thay_doi_the_xac_thuc,12,1,2,"Giá trị băm gói mã hóa của hồ sơ 41a69826-f513-4b72-95da-bbe10714a7d9, phiên bản 1 không hợp lệ. | Gói mã hóa không hợp lệ, không xác thực hoặc giải mã được hồ sơ 41a69826-f513-4b72-95da-bbe10714a7d9, phiên bản 1: InvalidTag."
thay_doi_the_xac_thuc,13,1,2,"Giá trị băm gói mã hóa của hồ sơ 52f75f11-b4dc-4999-8178-006951d4f4b2, phiên bản 1 không hợp lệ. | Gói mã hóa không hợp lệ, không xác thực hoặc giải mã được hồ sơ 52f75f11-b4dc-4999-8178-006951d4f4b2, phiên bản 1: InvalidTag."
thay_doi_the_xac_thuc,14,1,2,"Giá trị băm gói mã hóa của hồ sơ 9644dd01-caeb-4e17-95d0-9f8840a8fb73, phiên bản 1 không hợp lệ. | Gói mã hóa không hợp lệ, không xác thực hoặc giải mã được hồ sơ 9644dd01-caeb-4e17-95d0-9f8840a8fb73, phiên bản 1: InvalidTag."
thay_doi_the_xac_thuc,15,1,2,"Giá trị băm gói mã hóa của hồ sơ 465149e7-fa5d-4467-943d-1ccaa1d01f7f, phiên bản 1 không hợp lệ. | Gói mã hóa không hợp lệ, không xác thực hoặc giải mã được hồ sơ 465149e7-fa5d-4467-943d-1ccaa1d01f7f, phiên bản 1: InvalidTag."
thay_doi_the_xac_thuc,16,1,2,"Giá trị băm gói mã hóa của hồ sơ 39c51ede-6aff-4f7e-a7cf-e4a6b86bd67a, phiên bản 1 không hợp lệ. | Gói mã hóa không hợp lệ, không xác thực hoặc giải mã được hồ sơ 39c51ede-6aff-4f7e-a7cf-e4a6b86bd67a, phiên bản 1: InvalidTag."
thay_doi_the_xac_thuc,17,1,2,"Giá trị băm gói mã hóa của hồ sơ 3501b167-af2f-4c2f-8be6-6f7c60ac34a9, phiên bản 1 không hợp lệ. | Gói mã hóa không hợp lệ, không xác thực hoặc giải mã được hồ sơ 3501b167-af2f-4c2f-8be6-6f7c60ac34a9, phiên bản 1: InvalidTag."
thay_doi_the_xac_thuc,18,1,2,"Giá trị băm gói mã hóa của hồ sơ 56e9b2c9-f404-4ded-9483-cdebf511fb76, phiên bản 1 không hợp lệ. | Gói mã hóa không hợp lệ, không xác thực hoặc giải mã được hồ sơ 56e9b2c9-f404-4ded-9483-cdebf511fb76, phiên bản 1: InvalidTag."
thay_doi_the_xac_thuc,19,1,2,"Giá trị băm gói mã hóa của hồ sơ 8222f332-c8a7-4abf-af19-6afb7ede2a2b, phiên bản 1 không hợp lệ. | Gói mã hóa không hợp lệ, không xác thực hoặc giải mã được hồ sơ 8222f332-c8a7-4abf-af19-6afb7ede2a2b, phiên bản 1: InvalidTag."
thay_doi_the_xac_thuc,20,1,2,"Giá trị băm gói mã hóa của hồ sơ 07e9b0cd-8349-4194-b25f-8763ed58ca91, phiên bản 1 không hợp lệ. | Gói mã hóa không hợp lệ, không xác thực hoặc giải mã được hồ sơ 07e9b0cd-8349-4194-b25f-8763ed58ca91, phiên bản 1: InvalidTag."
thay_doi_the_xac_thuc,21,1,2,"Giá trị băm gói mã hóa của hồ sơ 331996a5-baf7-4917-96df-4a0bc68b509c, phiên bản 1 không hợp lệ. | Gói mã hóa không hợp lệ, không xác thực hoặc giải mã được hồ sơ 331996a5-baf7-4917-96df-4a0bc68b509c, phiên bản 1: InvalidTag."
thay_doi_the_xac_thuc,22,1,2,"Giá trị băm gói mã hóa của hồ sơ 8c1c6655-6787-4078-aa18-dc89122bb675, phiên bản 1 không hợp lệ. | Gói mã hóa không hợp lệ, không xác thực hoặc giải mã được hồ sơ 8c1c6655-6787-4078-aa18-dc89122bb675, phiên bản 1: InvalidTag."
thay_doi_the_xac_thuc,23,1,2,"Giá trị băm gói mã hóa của hồ sơ 023574e4-1431-407f-a8d2-6c479f45d2db, phiên bản 1 không hợp lệ. | Gói mã hóa không hợp lệ, không xác thực hoặc giải mã được hồ sơ 023574e4-1431-407f-a8d2-6c479f45d2db, phiên bản 1: InvalidTag."
thay_doi_the_xac_thuc,24,1,2,"Giá trị băm gói mã hóa của hồ sơ 391b1630-fbe6-4176-92e0-e4071dd3178d, phiên bản 1 không hợp lệ. | Gói mã hóa không hợp lệ, không xác thực hoặc giải mã được hồ sơ 391b1630-fbe6-4176-92e0-e4071dd3178d, phiên bản 1: InvalidTag."
thay_doi_the_xac_thuc,25,1,2,"Giá trị băm gói mã hóa của hồ sơ 9ad68585-8c53-4a36-9d3e-1631f260566b, phiên bản 1 không hợp lệ. | Gói mã hóa không hợp lệ, không xác thực hoặc giải mã được hồ sơ 9ad68585-8c53-4a36-9d3e-1631f260566b, phiên bản 1: InvalidTag."
thay_doi_the_xac_thuc,26,1,2,"Giá trị băm gói mã hóa của hồ sơ 0c3203ff-2e35-46b6-8a02-3a83d640fc47, phiên bản 1 không hợp lệ. | Gói mã hóa không hợp lệ, không xác thực hoặc giải mã được hồ sơ 0c3203ff-2e35-46b6-8a02-3a83d640fc47, phiên bản 1: InvalidTag."
thay_doi_the_xac_thuc,27,1,2,"Giá trị băm gói mã hóa của hồ sơ 9b965bdd-ee4f-4e14-a6cc-2debff182264, phiên bản 1 không hợp lệ. | Gói mã hóa không hợp lệ, không xác thực hoặc giải mã được hồ sơ 9b965bdd-ee4f-4e14-a6cc-2debff182264, phiên bản 1: InvalidTag."
thay_doi_the_xac_thuc,28,1,2,"Giá trị băm gói mã hóa của hồ sơ 55748ea2-50d5-4965-a864-b2f74b5bf765, phiên bản 1 không hợp lệ. | Gói mã hóa không hợp lệ, không xác thực hoặc giải mã được hồ sơ 55748ea2-50d5-4965-a864-b2f74b5bf765, phiên bản 1: InvalidTag."
thay_doi_the_xac_thuc,29,1,2,"Giá trị băm gói mã hóa của hồ sơ 171fd5fa-419a-44ca-901e-f4028d8fc2ca, phiên bản 1 không hợp lệ. | Gói mã hóa không hợp lệ, không xác thực hoặc giải mã được hồ sơ 171fd5fa-419a-44ca-901e-f4028d8fc2ca, phiên bản 1: InvalidTag."
thay_doi_the_xac_thuc,30,1,2,"Giá trị băm gói mã hóa của hồ sơ 288baf8b-853e-432d-9842-c196204753e3, phiên bản 1 không hợp lệ. | Gói mã hóa không hợp lệ, không xác thực hoặc giải mã được hồ sơ 288baf8b-853e-432d-9842-c196204753e3, phiên bản 1: InvalidTag."
thay_doi_nonce,1,1,2,"Giá trị băm gói mã hóa của hồ sơ 0e2cd089-0fbe-457b-ad34-ee95f98091a5, phiên bản 1 không hợp lệ. | Gói mã hóa không hợp lệ, không xác thực hoặc giải mã được hồ sơ 0e2cd089-0fbe-457b-ad34-ee95f98091a5, phiên bản 1: InvalidTag."
thay_doi_nonce,2,1,2,"Giá trị băm gói mã hóa của hồ sơ 28b389ad-695c-46be-aba1-fb43c36e5071, phiên bản 1 không hợp lệ. | Gói mã hóa không hợp lệ, không xác thực hoặc giải mã được hồ sơ 28b389ad-695c-46be-aba1-fb43c36e5071, phiên bản 1: InvalidTag."
thay_doi_nonce,3,1,2,"Giá trị băm gói mã hóa của hồ sơ 03005ea5-c96a-43f7-8ebc-7fc4135c6830, phiên bản 1 không hợp lệ. | Gói mã hóa không hợp lệ, không xác thực hoặc giải mã được hồ sơ 03005ea5-c96a-43f7-8ebc-7fc4135c6830, phiên bản 1: InvalidTag."
thay_doi_nonce,4,1,2,"Giá trị băm gói mã hóa của hồ sơ 853a08e3-86f5-45cb-9a16-6e7734d82d95, phiên bản 1 không hợp lệ. | Gói mã hóa không hợp lệ, không xác thực hoặc giải mã được hồ sơ 853a08e3-86f5-45cb-9a16-6e7734d82d95, phiên bản 1: InvalidTag."
thay_doi_nonce,5,1,2,"Giá trị băm gói mã hóa của hồ sơ 98ec5984-9628-4b56-bb2a-85e8cf7cee70, phiên bản 1 không hợp lệ. | Gói mã hóa không hợp lệ, không xác thực hoặc giải mã được hồ sơ 98ec5984-9628-4b56-bb2a-85e8cf7cee70, phiên bản 1: InvalidTag."
thay_doi_nonce,6,1,2,"Giá trị băm gói mã hóa của hồ sơ 0083da72-befe-4dce-8e73-c004b07849d3, phiên bản 1 không hợp lệ. | Gói mã hóa không hợp lệ, không xác thực hoặc giải mã được hồ sơ 0083da72-befe-4dce-8e73-c004b07849d3, phiên bản 1: InvalidTag."
thay_doi_nonce,7,1,2,"Giá trị băm gói mã hóa của hồ sơ 63cd4592-a615-443d-93d0-2c6a695e5a89, phiên bản 1 không hợp lệ. | Gói mã hóa không hợp lệ, không xác thực hoặc giải mã được hồ sơ 63cd4592-a615-443d-93d0-2c6a695e5a89, phiên bản 1: InvalidTag."
thay_doi_nonce,8,1,2,"Giá trị băm gói mã hóa của hồ sơ 5141a77c-d6fd-452e-b27d-c32b14c21e84, phiên bản 1 không hợp lệ. | Gói mã hóa không hợp lệ, không xác thực hoặc giải mã được hồ sơ 5141a77c-d6fd-452e-b27d-c32b14c21e84, phiên bản 1: InvalidTag."
thay_doi_nonce,9,1,2,"Giá trị băm gói mã hóa của hồ sơ 0305056b-e038-4a39-8ea1-23c508afa7a0, phiên bản 1 không hợp lệ. | Gói mã hóa không hợp lệ, không xác thực hoặc giải mã được hồ sơ 0305056b-e038-4a39-8ea1-23c508afa7a0, phiên bản 1: InvalidTag."
thay_doi_nonce,10,1,2,"Giá trị băm gói mã hóa của hồ sơ 7c44407d-02d9-453f-86cd-b61ffc658296, phiên bản 1 không hợp lệ. | Gói mã hóa không hợp lệ, không xác thực hoặc giải mã được hồ sơ 7c44407d-02d9-453f-86cd-b61ffc658296, phiên bản 1: InvalidTag."
thay_doi_nonce,11,1,2,"Giá trị băm gói mã hóa của hồ sơ 65f40d8c-3c48-4177-9cae-e0a6648c3985, phiên bản 1 không hợp lệ. | Gói mã hóa không hợp lệ, không xác thực hoặc giải mã được hồ sơ 65f40d8c-3c48-4177-9cae-e0a6648c3985, phiên bản 1: InvalidTag."
thay_doi_nonce,12,1,2,"Giá trị băm gói mã hóa của hồ sơ 1a8da82a-1030-4c35-b2a1-fa923689f8db, phiên bản 1 không hợp lệ. | Gói mã hóa không hợp lệ, không xác thực hoặc giải mã được hồ sơ 1a8da82a-1030-4c35-b2a1-fa923689f8db, phiên bản 1: InvalidTag."
thay_doi_nonce,13,1,2,"Giá trị băm gói mã hóa của hồ sơ 402ff03c-978a-4616-bdcd-7e0f624e58de, phiên bản 1 không hợp lệ. | Gói mã hóa không hợp lệ, không xác thực hoặc giải mã được hồ sơ 402ff03c-978a-4616-bdcd-7e0f624e58de, phiên bản 1: InvalidTag."
thay_doi_nonce,14,1,2,"Giá trị băm gói mã hóa của hồ sơ 098df4be-0e35-49ef-8c0a-510e6e1b8778, phiên bản 1 không hợp lệ. | Gói mã hóa không hợp lệ, không xác thực hoặc giải mã được hồ sơ 098df4be-0e35-49ef-8c0a-510e6e1b8778, phiên bản 1: InvalidTag."
thay_doi_nonce,15,1,2,"Giá trị băm gói mã hóa của hồ sơ 62d2ffc1-e6ca-4516-96c5-ba35e08daabd, phiên bản 1 không hợp lệ. | Gói mã hóa không hợp lệ, không xác thực hoặc giải mã được hồ sơ 62d2ffc1-e6ca-4516-96c5-ba35e08daabd, phiên bản 1: InvalidTag."
thay_doi_nonce,16,1,2,"Giá trị băm gói mã hóa của hồ sơ 226fb7b1-303b-42b3-8818-19efe683b333, phiên bản 1 không hợp lệ. | Gói mã hóa không hợp lệ, không xác thực hoặc giải mã được hồ sơ 226fb7b1-303b-42b3-8818-19efe683b333, phiên bản 1: InvalidTag."
thay_doi_nonce,17,1,2,"Giá trị băm gói mã hóa của hồ sơ ac0083e1-8482-425a-923f-81eed6f35fe2, phiên bản 1 không hợp lệ. | Gói mã hóa không hợp lệ, không xác thực hoặc giải mã được hồ sơ ac0083e1-8482-425a-923f-81eed6f35fe2, phiên bản 1: InvalidTag."
thay_doi_nonce,18,1,2,"Giá trị băm gói mã hóa của hồ sơ afca8f86-a61d-4389-8e8e-a80b8baa744b, phiên bản 1 không hợp lệ. | Gói mã hóa không hợp lệ, không xác thực hoặc giải mã được hồ sơ afca8f86-a61d-4389-8e8e-a80b8baa744b, phiên bản 1: InvalidTag."
thay_doi_nonce,19,1,2,"Giá trị băm gói mã hóa của hồ sơ 8eeaeb61-7fdc-456d-bfa0-e8437e1a9d68, phiên bản 1 không hợp lệ. | Gói mã hóa không hợp lệ, không xác thực hoặc giải mã được hồ sơ 8eeaeb61-7fdc-456d-bfa0-e8437e1a9d68, phiên bản 1: InvalidTag."
thay_doi_nonce,20,1,2,"Giá trị băm gói mã hóa của hồ sơ 10140189-be6c-442d-bf31-b745917eb005, phiên bản 1 không hợp lệ. | Gói mã hóa không hợp lệ, không xác thực hoặc giải mã được hồ sơ 10140189-be6c-442d-bf31-b745917eb005, phiên bản 1: InvalidTag."
thay_doi_nonce,21,1,2,"Giá trị băm gói mã hóa của hồ sơ 37195a6b-29d4-4eba-b224-bc156801f56d, phiên bản 1 không hợp lệ. | Gói mã hóa không hợp lệ, không xác thực hoặc giải mã được hồ sơ 37195a6b-29d4-4eba-b224-bc156801f56d, phiên bản 1: InvalidTag."
thay_doi_nonce,22,1,2,"Giá trị băm gói mã hóa của hồ sơ 68a8ae5d-6813-4a0f-b11a-155972ab923b, phiên bản 1 không hợp lệ. | Gói mã hóa không hợp lệ, không xác thực hoặc giải mã được hồ sơ 68a8ae5d-6813-4a0f-b11a-155972ab923b, phiên bản 1: InvalidTag."
thay_doi_nonce,23,1,2,"Giá trị băm gói mã hóa của hồ sơ 52a41b3f-a529-4514-9498-5304bf892c7a, phiên bản 1 không hợp lệ. | Gói mã hóa không hợp lệ, không xác thực hoặc giải mã được hồ sơ 52a41b3f-a529-4514-9498-5304bf892c7a, phiên bản 1: InvalidTag."
thay_doi_nonce,24,1,2,"Giá trị băm gói mã hóa của hồ sơ 71b992c8-b481-44f7-a7f6-5a0ba987864f, phiên bản 1 không hợp lệ. | Gói mã hóa không hợp lệ, không xác thực hoặc giải mã được hồ sơ 71b992c8-b481-44f7-a7f6-5a0ba987864f, phiên bản 1: InvalidTag."
thay_doi_nonce,25,1,2,"Giá trị băm gói mã hóa của hồ sơ 042258a1-eafb-49a3-83ea-038f716ad3ea, phiên bản 1 không hợp lệ. | Gói mã hóa không hợp lệ, không xác thực hoặc giải mã được hồ sơ 042258a1-eafb-49a3-83ea-038f716ad3ea, phiên bản 1: InvalidTag."
thay_doi_nonce,26,1,2,"Giá trị băm gói mã hóa của hồ sơ 196c4119-a06c-4277-90b1-e5ac1daec310, phiên bản 1 không hợp lệ. | Gói mã hóa không hợp lệ, không xác thực hoặc giải mã được hồ sơ 196c4119-a06c-4277-90b1-e5ac1daec310, phiên bản 1: InvalidTag."
thay_doi_nonce,27,1,2,"Giá trị băm gói mã hóa của hồ sơ 5d60518d-64a5-4d69-b261-2a9a70899ddf, phiên bản 1 không hợp lệ. | Gói mã hóa không hợp lệ, không xác thực hoặc giải mã được hồ sơ 5d60518d-64a5-4d69-b261-2a9a70899ddf, phiên bản 1: InvalidTag."
thay_doi_nonce,28,1,2,"Giá trị băm gói mã hóa của hồ sơ 285025f2-2aec-44a1-8eb9-016a1705b764, phiên bản 1 không hợp lệ. | Gói mã hóa không hợp lệ, không xác thực hoặc giải mã được hồ sơ 285025f2-2aec-44a1-8eb9-016a1705b764, phiên bản 1: InvalidTag."
thay_doi_nonce,29,1,2,"Giá trị băm gói mã hóa của hồ sơ c869c5fc-17a3-48a5-a10d-a30f633a241d, phiên bản 1 không hợp lệ. | Gói mã hóa không hợp lệ, không xác thực hoặc giải mã được hồ sơ c869c5fc-17a3-48a5-a10d-a30f633a241d, phiên bản 1: InvalidTag."
thay_doi_nonce,30,1,2,"Giá trị băm gói mã hóa của hồ sơ 2d98d45f-279d-4851-8297-e20994f1202b, phiên bản 1 không hợp lệ. | Gói mã hóa không hợp lệ, không xác thực hoặc giải mã được hồ sơ 2d98d45f-279d-4851-8297-e20994f1202b, phiên bản 1: InvalidTag."
thay_doi_bam_phong_bi,1,1,2,"Khối và phiên bản 1 của hồ sơ 8beb892a-4ad4-4e46-a4cd-47a728fd80de không khớp. | Giá trị băm gói mã hóa của hồ sơ 8beb892a-4ad4-4e46-a4cd-47a728fd80de, phiên bản 1 không hợp lệ."
thay_doi_bam_phong_bi,2,1,2,"Khối và phiên bản 1 của hồ sơ 626023ce-3b5b-4d35-9f15-2fb9e6f9258d không khớp. | Giá trị băm gói mã hóa của hồ sơ 626023ce-3b5b-4d35-9f15-2fb9e6f9258d, phiên bản 1 không hợp lệ."
thay_doi_bam_phong_bi,3,1,2,"Khối và phiên bản 1 của hồ sơ 235a0149-9041-43e5-9492-9eb6880d735b không khớp. | Giá trị băm gói mã hóa của hồ sơ 235a0149-9041-43e5-9492-9eb6880d735b, phiên bản 1 không hợp lệ."
thay_doi_bam_phong_bi,4,1,2,"Khối và phiên bản 1 của hồ sơ 79dd41b9-2f58-4646-bc03-760d69a3ff8c không khớp. | Giá trị băm gói mã hóa của hồ sơ 79dd41b9-2f58-4646-bc03-760d69a3ff8c, phiên bản 1 không hợp lệ."
thay_doi_bam_phong_bi,5,1,2,"Khối và phiên bản 1 của hồ sơ 2541cee6-b900-44d1-95e9-3f22725a192b không khớp. | Giá trị băm gói mã hóa của hồ sơ 2541cee6-b900-44d1-95e9-3f22725a192b, phiên bản 1 không hợp lệ."
thay_doi_bam_phong_bi,6,1,2,"Khối và phiên bản 1 của hồ sơ aef96ff2-65e5-48fa-b416-ae10db1c4ee0 không khớp. | Giá trị băm gói mã hóa của hồ sơ aef96ff2-65e5-48fa-b416-ae10db1c4ee0, phiên bản 1 không hợp lệ."
thay_doi_bam_phong_bi,7,1,2,"Khối và phiên bản 1 của hồ sơ 3fc08a8e-b11e-4132-b3cd-0b3be35dfb15 không khớp. | Giá trị băm gói mã hóa của hồ sơ 3fc08a8e-b11e-4132-b3cd-0b3be35dfb15, phiên bản 1 không hợp lệ."
thay_doi_bam_phong_bi,8,1,2,"Khối và phiên bản 1 của hồ sơ 70a40dc4-f3f6-49c3-ac9d-9bcc6894fd72 không khớp. | Giá trị băm gói mã hóa của hồ sơ 70a40dc4-f3f6-49c3-ac9d-9bcc6894fd72, phiên bản 1 không hợp lệ."
thay_doi_bam_phong_bi,9,1,2,"Khối và phiên bản 1 của hồ sơ 2308b81a-bb06-4fb3-9ff4-d1c91a6b7ce3 không khớp. | Giá trị băm gói mã hóa của hồ sơ 2308b81a-bb06-4fb3-9ff4-d1c91a6b7ce3, phiên bản 1 không hợp lệ."
thay_doi_bam_phong_bi,10,1,2,"Khối và phiên bản 1 của hồ sơ 10cc6dea-c2e0-4d0c-9dae-95ea4145a4f0 không khớp. | Giá trị băm gói mã hóa của hồ sơ 10cc6dea-c2e0-4d0c-9dae-95ea4145a4f0, phiên bản 1 không hợp lệ."
thay_doi_bam_phong_bi,11,1,2,"Khối và phiên bản 1 của hồ sơ 4ab333ed-93cd-4f28-bb7c-97174ff8e37a không khớp. | Giá trị băm gói mã hóa của hồ sơ 4ab333ed-93cd-4f28-bb7c-97174ff8e37a, phiên bản 1 không hợp lệ."
thay_doi_bam_phong_bi,12,1,2,"Khối và phiên bản 1 của hồ sơ 66439200-45c6-47c7-a147-ce71fefd9202 không khớp. | Giá trị băm gói mã hóa của hồ sơ 66439200-45c6-47c7-a147-ce71fefd9202, phiên bản 1 không hợp lệ."
thay_doi_bam_phong_bi,13,1,2,"Khối và phiên bản 1 của hồ sơ db38e119-a42a-426c-8e13-45d3e63946f8 không khớp. | Giá trị băm gói mã hóa của hồ sơ db38e119-a42a-426c-8e13-45d3e63946f8, phiên bản 1 không hợp lệ."
thay_doi_bam_phong_bi,14,1,2,"Khối và phiên bản 1 của hồ sơ 02a3e612-05fd-433d-9595-88b0457fe7d8 không khớp. | Giá trị băm gói mã hóa của hồ sơ 02a3e612-05fd-433d-9595-88b0457fe7d8, phiên bản 1 không hợp lệ."
thay_doi_bam_phong_bi,15,1,2,"Khối và phiên bản 1 của hồ sơ ae180eae-a55a-4cf2-88f8-c30a02e79fad không khớp. | Giá trị băm gói mã hóa của hồ sơ ae180eae-a55a-4cf2-88f8-c30a02e79fad, phiên bản 1 không hợp lệ."
thay_doi_bam_phong_bi,16,1,2,"Khối và phiên bản 1 của hồ sơ 251d1b77-7a72-425d-92f2-1246aaceedd0 không khớp. | Giá trị băm gói mã hóa của hồ sơ 251d1b77-7a72-425d-92f2-1246aaceedd0, phiên bản 1 không hợp lệ."
thay_doi_bam_phong_bi,17,1,2,"Khối và phiên bản 1 của hồ sơ 0788d9a7-a802-4d80-aca8-ea5da38c7436 không khớp. | Giá trị băm gói mã hóa của hồ sơ 0788d9a7-a802-4d80-aca8-ea5da38c7436, phiên bản 1 không hợp lệ."
thay_doi_bam_phong_bi,18,1,2,"Khối và phiên bản 1 của hồ sơ 0e4ac85a-7b05-48be-be6f-6f24a246df33 không khớp. | Giá trị băm gói mã hóa của hồ sơ 0e4ac85a-7b05-48be-be6f-6f24a246df33, phiên bản 1 không hợp lệ."
thay_doi_bam_phong_bi,19,1,2,"Khối và phiên bản 1 của hồ sơ 262da29a-0dca-4967-82dd-822ba08f9b58 không khớp. | Giá trị băm gói mã hóa của hồ sơ 262da29a-0dca-4967-82dd-822ba08f9b58, phiên bản 1 không hợp lệ."
thay_doi_bam_phong_bi,20,1,2,"Khối và phiên bản 1 của hồ sơ 03d4fb87-0038-4f91-ba1a-413cf21a9c25 không khớp. | Giá trị băm gói mã hóa của hồ sơ 03d4fb87-0038-4f91-ba1a-413cf21a9c25, phiên bản 1 không hợp lệ."
thay_doi_bam_phong_bi,21,1,2,"Khối và phiên bản 1 của hồ sơ 0c580735-839a-4f8c-b937-333143d607e3 không khớp. | Giá trị băm gói mã hóa của hồ sơ 0c580735-839a-4f8c-b937-333143d607e3, phiên bản 1 không hợp lệ."
thay_doi_bam_phong_bi,22,1,2,"Khối và phiên bản 1 của hồ sơ 9f1fe441-864e-48d3-9ef4-48c8331cb095 không khớp. | Giá trị băm gói mã hóa của hồ sơ 9f1fe441-864e-48d3-9ef4-48c8331cb095, phiên bản 1 không hợp lệ."
thay_doi_bam_phong_bi,23,1,2,"Khối và phiên bản 1 của hồ sơ 98062d63-0ae1-407a-9803-15aa255817f0 không khớp. | Giá trị băm gói mã hóa của hồ sơ 98062d63-0ae1-407a-9803-15aa255817f0, phiên bản 1 không hợp lệ."
thay_doi_bam_phong_bi,24,1,2,"Khối và phiên bản 1 của hồ sơ 0243fb0c-4364-436e-97df-219e44a138b0 không khớp. | Giá trị băm gói mã hóa của hồ sơ 0243fb0c-4364-436e-97df-219e44a138b0, phiên bản 1 không hợp lệ."
thay_doi_bam_phong_bi,25,1,2,"Khối và phiên bản 1 của hồ sơ 5d5ad54c-9d0a-4f22-afba-a2fd137f152b không khớp. | Giá trị băm gói mã hóa của hồ sơ 5d5ad54c-9d0a-4f22-afba-a2fd137f152b, phiên bản 1 không hợp lệ."
thay_doi_bam_phong_bi,26,1,2,"Khối và phiên bản 1 của hồ sơ 012da835-d3c2-4eab-bd46-236124f237a7 không khớp. | Giá trị băm gói mã hóa của hồ sơ 012da835-d3c2-4eab-bd46-236124f237a7, phiên bản 1 không hợp lệ."
thay_doi_bam_phong_bi,27,1,2,"Khối và phiên bản 1 của hồ sơ 813b888e-88a4-4f73-92c2-832ffee368bf không khớp. | Giá trị băm gói mã hóa của hồ sơ 813b888e-88a4-4f73-92c2-832ffee368bf, phiên bản 1 không hợp lệ."
thay_doi_bam_phong_bi,28,1,2,"Khối và phiên bản 1 của hồ sơ 46ff7e60-21f9-4aba-bdfe-4f01a839badb không khớp. | Giá trị băm gói mã hóa của hồ sơ 46ff7e60-21f9-4aba-bdfe-4f01a839badb, phiên bản 1 không hợp lệ."
thay_doi_bam_phong_bi,29,1,2,"Khối và phiên bản 1 của hồ sơ a198153e-454d-461c-a4f8-be836360172d không khớp. | Giá trị băm gói mã hóa của hồ sơ a198153e-454d-461c-a4f8-be836360172d, phiên bản 1 không hợp lệ."
thay_doi_bam_phong_bi,30,1,2,"Khối và phiên bản 1 của hồ sơ 6b826396-c3a6-4afe-81be-0b12031961aa không khớp. | Giá trị băm gói mã hóa của hồ sơ 6b826396-c3a6-4afe-81be-0b12031961aa, phiên bản 1 không hợp lệ."
thay_doi_lien_ket_khoi,1,1,2,Giá trị băm của khối 2 không hợp lệ. | Liên kết tới khối trước tại khối 2 không hợp lệ.
thay_doi_lien_ket_khoi,2,1,2,Giá trị băm của khối 2 không hợp lệ. | Liên kết tới khối trước tại khối 2 không hợp lệ.
thay_doi_lien_ket_khoi,3,1,2,Giá trị băm của khối 2 không hợp lệ. | Liên kết tới khối trước tại khối 2 không hợp lệ.
thay_doi_lien_ket_khoi,4,1,2,Giá trị băm của khối 2 không hợp lệ. | Liên kết tới khối trước tại khối 2 không hợp lệ.
thay_doi_lien_ket_khoi,5,1,2,Giá trị băm của khối 2 không hợp lệ. | Liên kết tới khối trước tại khối 2 không hợp lệ.
thay_doi_lien_ket_khoi,6,1,2,Giá trị băm của khối 2 không hợp lệ. | Liên kết tới khối trước tại khối 2 không hợp lệ.
thay_doi_lien_ket_khoi,7,1,2,Giá trị băm của khối 2 không hợp lệ. | Liên kết tới khối trước tại khối 2 không hợp lệ.
thay_doi_lien_ket_khoi,8,1,2,Giá trị băm của khối 2 không hợp lệ. | Liên kết tới khối trước tại khối 2 không hợp lệ.
thay_doi_lien_ket_khoi,9,1,2,Giá trị băm của khối 2 không hợp lệ. | Liên kết tới khối trước tại khối 2 không hợp lệ.
thay_doi_lien_ket_khoi,10,1,2,Giá trị băm của khối 2 không hợp lệ. | Liên kết tới khối trước tại khối 2 không hợp lệ.
thay_doi_lien_ket_khoi,11,1,2,Giá trị băm của khối 2 không hợp lệ. | Liên kết tới khối trước tại khối 2 không hợp lệ.
thay_doi_lien_ket_khoi,12,1,2,Giá trị băm của khối 2 không hợp lệ. | Liên kết tới khối trước tại khối 2 không hợp lệ.
thay_doi_lien_ket_khoi,13,1,2,Giá trị băm của khối 2 không hợp lệ. | Liên kết tới khối trước tại khối 2 không hợp lệ.
thay_doi_lien_ket_khoi,14,1,2,Giá trị băm của khối 2 không hợp lệ. | Liên kết tới khối trước tại khối 2 không hợp lệ.
thay_doi_lien_ket_khoi,15,1,2,Giá trị băm của khối 2 không hợp lệ. | Liên kết tới khối trước tại khối 2 không hợp lệ.
thay_doi_lien_ket_khoi,16,1,2,Giá trị băm của khối 2 không hợp lệ. | Liên kết tới khối trước tại khối 2 không hợp lệ.
thay_doi_lien_ket_khoi,17,1,2,Giá trị băm của khối 2 không hợp lệ. | Liên kết tới khối trước tại khối 2 không hợp lệ.
thay_doi_lien_ket_khoi,18,1,2,Giá trị băm của khối 2 không hợp lệ. | Liên kết tới khối trước tại khối 2 không hợp lệ.
thay_doi_lien_ket_khoi,19,1,2,Giá trị băm của khối 2 không hợp lệ. | Liên kết tới khối trước tại khối 2 không hợp lệ.
thay_doi_lien_ket_khoi,20,1,2,Giá trị băm của khối 2 không hợp lệ. | Liên kết tới khối trước tại khối 2 không hợp lệ.
thay_doi_lien_ket_khoi,21,1,2,Giá trị băm của khối 2 không hợp lệ. | Liên kết tới khối trước tại khối 2 không hợp lệ.
thay_doi_lien_ket_khoi,22,1,2,Giá trị băm của khối 2 không hợp lệ. | Liên kết tới khối trước tại khối 2 không hợp lệ.
thay_doi_lien_ket_khoi,23,1,2,Giá trị băm của khối 2 không hợp lệ. | Liên kết tới khối trước tại khối 2 không hợp lệ.
thay_doi_lien_ket_khoi,24,1,2,Giá trị băm của khối 2 không hợp lệ. | Liên kết tới khối trước tại khối 2 không hợp lệ.
thay_doi_lien_ket_khoi,25,1,2,Giá trị băm của khối 2 không hợp lệ. | Liên kết tới khối trước tại khối 2 không hợp lệ.
thay_doi_lien_ket_khoi,26,1,2,Giá trị băm của khối 2 không hợp lệ. | Liên kết tới khối trước tại khối 2 không hợp lệ.
thay_doi_lien_ket_khoi,27,1,2,Giá trị băm của khối 2 không hợp lệ. | Liên kết tới khối trước tại khối 2 không hợp lệ.
thay_doi_lien_ket_khoi,28,1,2,Giá trị băm của khối 2 không hợp lệ. | Liên kết tới khối trước tại khối 2 không hợp lệ.
thay_doi_lien_ket_khoi,29,1,2,Giá trị băm của khối 2 không hợp lệ. | Liên kết tới khối trước tại khối 2 không hợp lệ.
thay_doi_lien_ket_khoi,30,1,2,Giá trị băm của khối 2 không hợp lệ. | Liên kết tới khối trước tại khối 2 không hợp lệ.
xoa_khoi_giua,1,1,3,"Thiếu hoặc đổi thứ tự khối tại vị trí 2; chỉ số đọc được là 3. | Liên kết tới khối trước tại khối 3 không hợp lệ. | Thiếu khối cho hồ sơ e0806304-3e97-4360-bc3c-05635185e67c, phiên bản 1."
xoa_khoi_giua,2,1,3,"Thiếu hoặc đổi thứ tự khối tại vị trí 2; chỉ số đọc được là 3. | Liên kết tới khối trước tại khối 3 không hợp lệ. | Thiếu khối cho hồ sơ eee300ca-b341-456f-a6c1-13565b735b9a, phiên bản 1."
xoa_khoi_giua,3,1,3,"Thiếu hoặc đổi thứ tự khối tại vị trí 2; chỉ số đọc được là 3. | Liên kết tới khối trước tại khối 3 không hợp lệ. | Thiếu khối cho hồ sơ 9f8a2c39-dcd8-4732-bcbb-0ee72af6482f, phiên bản 1."
xoa_khoi_giua,4,1,3,"Thiếu hoặc đổi thứ tự khối tại vị trí 2; chỉ số đọc được là 3. | Liên kết tới khối trước tại khối 3 không hợp lệ. | Thiếu khối cho hồ sơ 7c9c2680-b34c-4a72-ab1e-84c4ecb12ea7, phiên bản 1."
xoa_khoi_giua,5,1,3,"Thiếu hoặc đổi thứ tự khối tại vị trí 2; chỉ số đọc được là 3. | Liên kết tới khối trước tại khối 3 không hợp lệ. | Thiếu khối cho hồ sơ 6baabfa6-11dc-46e2-8bfc-562cfd05aa2e, phiên bản 1."
xoa_khoi_giua,6,1,3,"Thiếu hoặc đổi thứ tự khối tại vị trí 2; chỉ số đọc được là 3. | Liên kết tới khối trước tại khối 3 không hợp lệ. | Thiếu khối cho hồ sơ 0d65884a-8dcd-4139-b645-466cdba5041b, phiên bản 1."
xoa_khoi_giua,7,1,3,"Thiếu hoặc đổi thứ tự khối tại vị trí 2; chỉ số đọc được là 3. | Liên kết tới khối trước tại khối 3 không hợp lệ. | Thiếu khối cho hồ sơ 9e490f97-e1e8-4fa5-97aa-f594ce04631e, phiên bản 1."
xoa_khoi_giua,8,1,3,"Thiếu hoặc đổi thứ tự khối tại vị trí 2; chỉ số đọc được là 3. | Liên kết tới khối trước tại khối 3 không hợp lệ. | Thiếu khối cho hồ sơ 2d5a373e-749a-416c-a9f3-52cb34700259, phiên bản 1."
xoa_khoi_giua,9,1,3,"Thiếu hoặc đổi thứ tự khối tại vị trí 2; chỉ số đọc được là 3. | Liên kết tới khối trước tại khối 3 không hợp lệ. | Thiếu khối cho hồ sơ 51ac48c3-c0d7-47bf-b7f8-572421212fee, phiên bản 1."
xoa_khoi_giua,10,1,3,"Thiếu hoặc đổi thứ tự khối tại vị trí 2; chỉ số đọc được là 3. | Liên kết tới khối trước tại khối 3 không hợp lệ. | Thiếu khối cho hồ sơ 16bebd5c-957d-447f-9cfa-31470894e447, phiên bản 1."
xoa_khoi_giua,11,1,3,"Thiếu hoặc đổi thứ tự khối tại vị trí 2; chỉ số đọc được là 3. | Liên kết tới khối trước tại khối 3 không hợp lệ. | Thiếu khối cho hồ sơ 21f67a49-9bae-49ed-9240-35ae36932f33, phiên bản 1."
xoa_khoi_giua,12,1,3,"Thiếu hoặc đổi thứ tự khối tại vị trí 2; chỉ số đọc được là 3. | Liên kết tới khối trước tại khối 3 không hợp lệ. | Thiếu khối cho hồ sơ 35ab9124-5983-466d-bf6d-ca206d8ce8b3, phiên bản 1."
xoa_khoi_giua,13,1,3,"Thiếu hoặc đổi thứ tự khối tại vị trí 2; chỉ số đọc được là 3. | Liên kết tới khối trước tại khối 3 không hợp lệ. | Thiếu khối cho hồ sơ 85dc7a68-501b-40d1-a9fb-052d2e84d205, phiên bản 1."
xoa_khoi_giua,14,1,3,"Thiếu hoặc đổi thứ tự khối tại vị trí 2; chỉ số đọc được là 3. | Liên kết tới khối trước tại khối 3 không hợp lệ. | Thiếu khối cho hồ sơ ea7f5210-ec0a-4ae4-a0df-bce437c1b9ec, phiên bản 1."
xoa_khoi_giua,15,1,3,"Thiếu hoặc đổi thứ tự khối tại vị trí 2; chỉ số đọc được là 3. | Liên kết tới khối trước tại khối 3 không hợp lệ. | Thiếu khối cho hồ sơ 2471c19b-5499-4b65-b06b-34e0662bc86e, phiên bản 1."
xoa_khoi_giua,16,1,3,"Thiếu hoặc đổi thứ tự khối tại vị trí 2; chỉ số đọc được là 3. | Liên kết tới khối trước tại khối 3 không hợp lệ. | Thiếu khối cho hồ sơ f71bb48c-2142-45c0-b42f-09ea0a4fdc71, phiên bản 1."
xoa_khoi_giua,17,1,3,"Thiếu hoặc đổi thứ tự khối tại vị trí 2; chỉ số đọc được là 3. | Liên kết tới khối trước tại khối 3 không hợp lệ. | Thiếu khối cho hồ sơ 20df3690-0f9d-47b4-8a94-22a26acb1aab, phiên bản 1."
xoa_khoi_giua,18,1,3,"Thiếu hoặc đổi thứ tự khối tại vị trí 2; chỉ số đọc được là 3. | Liên kết tới khối trước tại khối 3 không hợp lệ. | Thiếu khối cho hồ sơ ec2d788d-b131-4d51-b252-bef96800dbb1, phiên bản 1."
xoa_khoi_giua,19,1,3,"Thiếu hoặc đổi thứ tự khối tại vị trí 2; chỉ số đọc được là 3. | Liên kết tới khối trước tại khối 3 không hợp lệ. | Thiếu khối cho hồ sơ 2fa4ce06-6023-42fe-ad15-6513d4d81f1a, phiên bản 1."
xoa_khoi_giua,20,1,3,"Thiếu hoặc đổi thứ tự khối tại vị trí 2; chỉ số đọc được là 3. | Liên kết tới khối trước tại khối 3 không hợp lệ. | Thiếu khối cho hồ sơ 8a23c41a-1d37-4eee-b9ac-a297921223de, phiên bản 1."
xoa_khoi_giua,21,1,3,"Thiếu hoặc đổi thứ tự khối tại vị trí 2; chỉ số đọc được là 3. | Liên kết tới khối trước tại khối 3 không hợp lệ. | Thiếu khối cho hồ sơ db4c9a39-251a-4729-b5ef-6440706d6f9c, phiên bản 1."
xoa_khoi_giua,22,1,3,"Thiếu hoặc đổi thứ tự khối tại vị trí 2; chỉ số đọc được là 3. | Liên kết tới khối trước tại khối 3 không hợp lệ. | Thiếu khối cho hồ sơ 822573ec-388f-4450-85e8-7e9a212339f3, phiên bản 1."
xoa_khoi_giua,23,1,3,"Thiếu hoặc đổi thứ tự khối tại vị trí 2; chỉ số đọc được là 3. | Liên kết tới khối trước tại khối 3 không hợp lệ. | Thiếu khối cho hồ sơ 322141ca-1eb6-4cb2-8afd-20d8d23d5a54, phiên bản 1."
xoa_khoi_giua,24,1,3,"Thiếu hoặc đổi thứ tự khối tại vị trí 2; chỉ số đọc được là 3. | Liên kết tới khối trước tại khối 3 không hợp lệ. | Thiếu khối cho hồ sơ 443b7576-05a2-4b64-a7b6-2efb7cfbae8a, phiên bản 1."
xoa_khoi_giua,25,1,3,"Thiếu hoặc đổi thứ tự khối tại vị trí 2; chỉ số đọc được là 3. | Liên kết tới khối trước tại khối 3 không hợp lệ. | Thiếu khối cho hồ sơ 1a10d9d3-0df3-40d0-8e6e-1c3ad0c69455, phiên bản 1."
xoa_khoi_giua,26,1,3,"Thiếu hoặc đổi thứ tự khối tại vị trí 2; chỉ số đọc được là 3. | Liên kết tới khối trước tại khối 3 không hợp lệ. | Thiếu khối cho hồ sơ db0327b6-5b0d-44f4-bfc7-2b48befb4f38, phiên bản 1."
xoa_khoi_giua,27,1,3,"Thiếu hoặc đổi thứ tự khối tại vị trí 2; chỉ số đọc được là 3. | Liên kết tới khối trước tại khối 3 không hợp lệ. | Thiếu khối cho hồ sơ f834276a-38ff-4820-97d8-d02c26000ccc, phiên bản 1."
xoa_khoi_giua,28,1,3,"Thiếu hoặc đổi thứ tự khối tại vị trí 2; chỉ số đọc được là 3. | Liên kết tới khối trước tại khối 3 không hợp lệ. | Thiếu khối cho hồ sơ 93be1b6b-2a79-4d93-91b0-959f36215a6b, phiên bản 1."
xoa_khoi_giua,29,1,3,"Thiếu hoặc đổi thứ tự khối tại vị trí 2; chỉ số đọc được là 3. | Liên kết tới khối trước tại khối 3 không hợp lệ. | Thiếu khối cho hồ sơ edcb4716-65c6-4507-aa6d-53e09f60581f, phiên bản 1."
xoa_khoi_giua,30,1,3,"Thiếu hoặc đổi thứ tự khối tại vị trí 2; chỉ số đọc được là 3. | Liên kết tới khối trước tại khối 3 không hợp lệ. | Thiếu khối cho hồ sơ 80147ea7-1af8-4628-aefb-5c5c742c6a3b, phiên bản 1."
